2014-07-15,5899,FB,ORD,72,2,3B,2014-07-14 21:03:57,Y,AGENT,000365709222,FE6584,2014-07-03
2013-04-03,5684,FB,PHX,202,17,6B,2013-04-03 20:50:51,F,eService,000365709222,E24F65,2013-04-02
2012-08-16,6427,FB,IAH,306,19,11F,2012-08-16 12:48:39,B,WEB,000950169665,8BC09D,2012-08-08
2013-08-15,3108,FB,LAX,250,11,4C,2013-08-15 17:28:22,F,AGENT,000365709222,5AB9B6,2013-06-20
2012-06-17,7278,FB,SYD,94,37,3C,2012-06-17 02:07:59,F,AGENT,000365709222,2753C0,2012-02-21
2014-02-02,1802,FB,ASE,98,3,1D,2014-02-01 15:38:13,R,WEB,000950169665,0D2DC3,2013-10-23
2012-03-09,9769,FB,ORD,525,30,6B,2012-03-09 19:46:11,F,AGENT,000365709222,2440B0,2012-03-04
2012-06-22,8760,FB,IAD,712,42,1C,2012-06-22 21:22:26,F,AGENT,000365709222,A6DE9C,2012-06-22
2013-09-27,4906,FB,MIA,167,3,1F,2013-09-26 18:51:10,R,AGENT,000499804303,57E011,2013-08-29
2013-01-02,7127,FB,ORD,137,10,1A,2013-01-02 15:15:58,F,AGENT,000365709222,871E97,2012-12-08
2014-05-08,2636,FB,ORD,80,5,1B,2014-05-08 13:42:13,Y,AGENT,000365709222,317C54,2014-04-22
2014-03-05,5763,FB,ORD,436,22,21E,2014-03-05 14:18:18,Q,eService,000950169665,735C0C,2013-12-31
2013-09-25,4906,FB,ORD,68,4,3C,2013-09-24 22:20:30,L,WEB,000499804303,57E011,2013-08-29
2013-01-07,8588,FB,ORD,680,4,1E,2013-01-06 20:54:00,F,AGENT,000365709222,A2A0EB,2012-12-14
2014-03-10,9975,FB,SFO,256,0,1K,2014-03-09 11:38:26,F,AGENT,000365709222,A053A1,2014-03-08
2013-06-05,5137,FB,BOS,132,9,1B,2013-06-05 23:04:25,F,AGENT,000365709222,84EBB8,2013-06-03
2013-04-29,1790,FB,LAX,148,15,1C,2013-04-29 23:35:02,F,AGENT,000365709222,225ED8,2013-04-13
2012-04-27,6130,FB,ORD,354,25,1A,2012-04-27 16:04:00,F,AGENT,000365709222,704B67,2012-04-25
2014-02-24,2290,FB,FRA,140,3,1A,2014-02-23 18:19:42,F,AGENT,000365709222,32C977,2014-02-10
2014-04-03,6647,FB,ORD,241,15,2E,2014-04-04 02:10:34,C,AGENT,000365709222,0202CE,2014-03-30
2013-10-07,6972,FB,ORD,367,10,1A,2013-10-06 18:05:20,F,AGENT,000365709222,034C7D,2013-10-05
2014-04-12,6634,FB,IAH,102,10,2B,2014-04-11 23:08:31,C,AGENT,000365709222,1A5B8C,2014-02-01
2014-06-20,2567,FB,ORD,392,12,1F,2014-06-20 12:15:38,F,AGENT,000365709222,1CA88E,2014-06-20
2012-12-06,9761,FB,LHR,103,4,1C,2012-12-06 00:27:58,F,AGENT,000365709222,A45ED1,2012-12-03
2013-11-07,4575,FB,SFO,207,12,4C,2013-11-07 15:05:37,F,AGENT,000365709222,0D86D2,2013-10-15
2014-05-09,8147,FB,ORD,392,27,1C,2014-05-09 15:43:49,F,AGENT,000365709222,3ADC21,2014-05-07
2014-03-29,5659,FB,LAS,219,14,24A,2014-03-30 05:42:51,E,WEB,000099281768,DBE7AA,2014-03-30
2014-03-20,3114,FB,KOA,410,18,4B,2014-03-20 22:26:08,F,AGENT,000365709222,B5BBCE,2014-03-20
2013-12-09,3903,FB,SAN,56,1,6B,2013-12-08 16:28:19,Y,WEB,000365709222,7C599B,2013-11-15
2012-05-20,8920,FB,EWR,61,8,1A,2012-05-20 16:12:23,J,AGENT,000365709222,7101D2,2012-03-04
2013-11-21,9194,FB,ORD,206,14,1C,2013-11-21 18:33:58,F,AGENT,000365709222,097F4C,2013-11-19
2014-07-23,7278,FB,SYD,302,20,1C,2014-07-23 00:09:08,A,AGENT,000365709222,F8AD06,2014-07-16
2012-09-23,3111,FB,EWR,30,5,1A,2012-09-23 18:54:06,Y,AGENT,000365709222,84CE79,2012-09-04
2014-07-23,1129,FB,LAX,207,7,1A,2014-07-23 00:09:08,A,AGENT,000365709222,F8AD06,2014-07-16
2012-06-28,8131,FB,EWR,172,13,1E,2012-06-28 20:05:59,F,eService,000365709222,34EB9E,2012-06-24
2014-03-17,2178,FB,ORD,304,15,5A,2014-03-17 20:31:48,F,AGENT,000365709222,C4192C,2014-03-17
2014-01-22,9774,FB,DEN,407,18,3E,2014-01-22 16:48:42,JN,AGENT,000365709222,8CE666,2014-01-03
2013-11-03,3845,FB,SFO,158,6,1D,2013-11-03 13:35:44,F,eService,000365709222,1F621C,2013-11-01
2012-11-19,8001,FB,ORD,164,7,1E,2012-11-18 20:11:25,F,AGENT,000365709222,1C4BC1,2012-11-05
2012-10-31,9830,FB,JFK,258,7,1A,2012-10-31 19:46:29,F,AGENT,000365709222,6CC4EF,2012-09-21
2012-05-21,8073,FB,TXL,73,14,2F,2012-05-21 07:09:46,J,AGENT,000365709222,CC467F,2012-03-03
2013-04-07,6771,FB,EWR,483,28,3A,2013-04-07 14:35:43,F,eService,000365709222,A04D85,2013-03-24
2013-06-24,7646,FB,ORD,32,1,4F,2013-06-23 14:17:46,W,WEB,000950169665,97CF36,2013-05-21
2014-05-06,1623,FB,IAD,57,5,1A,2014-05-06 12:11:59,F,eService,000365709222,61122D,2014-04-22
2014-01-12,3364,FB,ORD,222,9,1K,2014-01-12 20:39:32,F,AGENT,000365709222,FFF4EF,2014-01-09
2012-04-09,9121,FB,ORD,55,11,28A,2012-04-08 16:41:50,V,WEB,000950169665,608518,2012-02-23
2013-05-13,7367,FB,ORD,92,9,5B,2013-05-13 18:20:35,Y,AGENT,000365709222,1AB217,2013-05-06
2013-09-06,5899,FB,MBS,62,2,2B,2013-09-05 12:54:31,Y,WEB,000365709222,7A23D2,2013-08-28
2013-03-09,5627,FB,IAD,72,5,8A,2013-03-09 11:58:38,Y,AGENT,000365709222,E35413,2013-02-28
2012-10-18,7454,FB,IAH,741,29,4F,2012-10-18 12:22:28,R,WEB,000950169665,5383A6,2012-10-04
2012-11-11,2339,FB,MIA,420,25,1F,2012-11-11 13:55:47,F,WEB,000365709222,BEE512,2012-11-05
2012-08-28,7602,FB,HNL,195,9,1A,2012-08-27 22:36:51,F,WEB,000365709222,9F34CC,2012-07-04
2013-09-08,5695,FB,EWR,167,6,1E,2013-09-08 13:58:38,F,eService,000365709222,78E775,2013-09-05
2012-10-21,9429,FB,ZRH,161,11,2C,2012-10-21 06:37:42,F,AGENT,000365709222,0FD25D,2012-10-12
2012-11-03,1239,FB,NRT,706,11,2K,2012-11-02 22:55:17,F,AGENT,000365709222,C9FC3F,2012-09-21
2012-12-13,9618,FB,LHR,174,4,1K,2012-12-12 17:57:44,F,AGENT,000365709222,6C78F0,2012-12-07
2012-09-13,9582,FB,SFO,150,15,2E,2012-09-13 19:02:18,F,AGENT,000365709222,0B830D,2012-09-04
2013-02-14,4345,FB,ORD,517,37,1F,2013-02-14 17:37:03,F,AGENT,000365709222,2906BD,2013-01-23
2012-05-15,7127,FB,ORD,465,24,1C,2012-05-15 17:51:47,F,AGENT,000365709222,F37FBF,2012-05-14
2012-04-15,4732,FB,CVG,104,7,19B,2012-04-15 19:45:20,Y,AGENT,000365709222,03CC76,2012-04-15
2014-05-11,5775,FB,EWR,230,15,1K,2014-05-11 23:53:42,F,AGENT,000365709222,B03859,2014-05-08
2014-02-19,7165,FB,EWR,580,30,6A,2014-02-19 11:10:08,F,AGENT,000365709222,1CD63C,2014-02-18
2013-06-02,4272,FB,EWR,493,28,2F,2013-06-02 16:52:17,F,WEB,000365709222,5E87B6,2013-05-31
2013-02-13,3108,FB,SYD,293,16,4C,2013-02-11 20:45:49,F,AGENT,000365709222,C69F6D,2012-12-30
2014-01-22,8479,FB,LAX,438,21,1E,2014-01-22 16:48:42,R,AGENT,000365709222,8CE666,2014-01-03
2013-08-09,6257,FB,ORD,37,5,1B,2013-08-09 23:19:44,F,AGENT,000365709222,D4920A,2013-07-23
2013-06-16,6737,FB,SFO,371,14,4C,2013-06-16 21:49:58,F,AGENT,000365709222,565B38,2013-06-15
2013-05-01,5684,FB,PHX,280,17,1E,2013-05-01 20:24:35,F,eService,000365709222,8508B1,2013-04-28
2012-08-19,9388,FB,ORD,232,13,1E,2012-08-19 09:31:12,F,AGENT,000365709222,851A31,2012-08-15
2014-01-16,2793,FB,ORD,217,16,1A,2014-01-16 23:57:41,F,AGENT,000365709222,618CAB,2014-01-05
2013-03-22,4917,FB,LAS,401,48,25A,2013-03-22 20:06:12,K,WEB,000990013836,9BB445,2013-02-27
2013-07-24,8113,FB,MBS,63,5,1D,2013-07-24 23:21:36,Y,AGENT,000365709222,C7AD2F,2013-07-10
2013-01-06,1790,FB,LAX,370,12,2H,2013-01-06 20:54:00,F,AGENT,000365709222,A2A0EB,2012-12-14
2012-11-02,9322,FB,IAH,47,2,12A,2012-11-01 18:28:18,S,WEB,000950169665,9D1FE3,2012-10-13
2012-12-05,3017,FB,ORD,135,8,1C,2012-12-06 00:27:58,F,AGENT,000365709222,A45ED1,2012-12-03
2013-01-20,1349,FB,DEN,70,1,2D,2013-01-20 02:03:39,R,WEB,000950169665,5A1D77,2012-12-13
2012-08-25,7389,FB,ORD,510,33,6A,2012-08-25 16:47:32,R,eService,000950169665,5A6A24,2012-06-12
2012-12-25,3133,FB,SEA,115,19,27E,2012-12-25 14:59:39,L,AGENT,000165855849,B63377,2012-08-14
2013-08-03,7757,FB,LAX,208,15,1E,2013-08-03 02:01:36,F,AGENT,000365709222,1C77D1,2013-07-10
2013-06-19,1835,FB,SFO,361,8,6A,2013-06-18 23:52:37,F,AGENT,000365709222,565B38,2013-06-15
2012-04-15,3017,FB,ORD,395,20,1A,2012-04-15 19:45:20,F,eService,000365709222,03CC76,2012-04-15
2014-05-13,5899,FB,ORD,95,7,1B,2014-05-13 10:14:42,Y,AGENT,000365709222,B03859,2014-05-08
2012-06-25,8183,FB,LAX,176,6,2A,2012-06-25 14:17:05,F,eService,000365709222,292E9A,2012-04-28
2013-06-12,2764,FB,IAD,14,4,12A,2013-06-12 14:36:24,Y,AGENT,000365709222,9EC7C1,2012-12-11
2013-04-01,9758,FB,EWR,339,26,1E,2013-04-01 11:34:10,F,AGENT,000365709222,CE04C3,2013-03-24
2013-11-07,8598,FB,LAX,363,26,1A,2013-11-07 14:47:48,F,WEB,000365709222,3CFF5B,2013-11-02
2012-07-21,4232,FB,ORD,81,7,2F,2012-07-21 16:57:34,F,AGENT,000365709222,3EE319,2012-07-19
2014-03-11,8511,FB,NRT,192,0,4A,2014-03-09 11:38:26,F,AGENT,000365709222,A053A1,2014-03-08
2013-08-09,8113,FB,MBS,39,6,1B,2013-08-09 23:19:44,Y,AGENT,000365709222,D4920A,2013-07-23
2013-10-11,4229,FB,EWR,308,24,41L,2013-10-11 22:51:31,L,eService,000025063186,C38A82,2013-10-07
2012-06-07,9325,FB,ORD,145,15,2C,2012-06-06 23:36:45,F,AGENT,000365709222,FFA25B,2012-02-21
2013-09-18,5498,FB,ANC,331,14,2E,2013-09-18 01:39:44,F,WEB,000365709222,082712,2013-09-06
2012-11-04,4318,FB,IAD,288,0,28A,2012-11-03 23:20:50,B,AGENT,000950169665,D38878,2012-10-28
2013-03-28,1370,FB,LGA,160,4,21A,2013-03-27 22:07:37,W,WEB,000950169665,C9228E,2013-03-13
2012-03-14,4324,FB,IAD,475,12,1E,2012-03-14 17:55:21,F,AGENT,000365709222,C29564,2012-03-09
2012-11-20,3433,FB,DEN,470,32,5F,2012-11-20 23:42:45,F,AGENT,000365709222,1C4BC1,2012-11-05
2013-03-15,4995,FB,EWR,68,2,12A,2013-03-14 19:06:30,Q,WEB,000950169665,A74ADE,2013-02-26
2014-01-22,7278,FB,SYD,438,25,4A,2014-01-22 03:13:14,F,AGENT,000365709222,8CE666,2014-01-03
2012-10-14,2825,FB,EWR,358,16,3A,2012-10-14 20:13:25,F,eService,000365709222,E8A60F,2012-10-12
2013-01-07,7858,FB,LHR,219,5,1A,2013-01-06 20:54:00,F,AGENT,000365709222,A2A0EB,2012-12-14
2014-01-20,3593,FB,EWR,217,26,1B,2014-01-20 14:49:38,F,AGENT,000365709222,81EF38,2014-01-06
2013-12-01,2017,FB,EWR,197,14,1B,2013-12-01 17:05:49,F,AGENT,000365709222,F0AEB7,2013-11-25
2012-10-04,5531,FB,IAH,141,12,8A,2012-10-03 21:09:22,L,WEB,000950169665,B7B50F,2012-08-15
2013-01-02,6216,FB,IAH,11,23,28B,2013-01-02 16:53:09,T,AGENT,000165855849,B63377,2012-08-14
2012-08-01,5756,FB,LAX,85,3,1A,2012-08-01 08:17:48,F,AGENT,000365709222,E569A1,2012-06-29
2014-03-25,9557,FB,MBS,64,2,1B,2014-03-24 20:51:08,Y,WEB,000365709222,AFD6CA,2014-03-23
2012-05-23,5910,FB,ORD,66,10,1B,2012-05-22 23:12:34,F,WEB,000365709222,6C3FF5,2012-04-09
2014-07-22,3108,FB,SYD,384,15,1K,2014-07-20 20:00:22,A,AGENT,000365709222,F8AD06,2014-07-16
2012-08-10,7716,FB,LGA,90,2,10F,2012-08-09 23:11:30,W,WEB,000950169665,C70944,2012-07-30
2013-10-31,9557,FB,ORD,90,5,1B,2013-10-31 13:11:06,Y,eService,000365709222,40790C,2013-10-29
2013-10-31,1835,FB,EWR,171,16,1A,2013-10-31 13:11:06,F,eService,000365709222,40790C,2013-10-29
2012-10-18,2508,FB,ORD,232,23,1A,2012-10-18 12:54:35,F,AGENT,000365709222,2F5AAA,2012-10-09
2013-11-16,1898,FB,IAH,232,12,4E,2013-11-16 13:19:29,F,eService,000365709222,C1BFB3,2013-11-02
2013-05-02,7035,FB,ORD,445,32,2F,2013-05-02 20:44:25,F,AGENT,000365709222,DA14DD,2013-05-01
2012-08-01,7966,FB,FRA,396,31,1K,2012-08-01 08:17:48,F,AGENT,000365709222,E569A1,2012-06-29
2013-11-22,8456,FB,ORD,278,22,1B,2013-11-22 17:07:12,F,AGENT,000365709222,5411CF,2013-11-21
2013-07-12,4284,FB,ORD,259,17,2F,2013-07-12 17:46:22,R,AGENT,000365709222,13AEFA,2013-06-25
2014-02-16,3045,FB,IAD,31,3,11C,2014-02-16 10:24:42,X,WEB,000407811114,E32642,2013-12-13
2013-01-10,1201,FB,SLC,68,3,2F,2013-01-10 01:45:40,R,WEB,000950169665,04481E,2012-11-28
2014-07-06,8687,FB,HKG,33,5,1C,2014-07-05 03:44:06,F,WEB,000365709222,A6A56B,2014-04-06
2013-07-29,7646,FB,ORD,100,0,5F,2013-07-28 13:09:14,S,WEB,000950169665,06E131,2013-07-19
2013-11-24,8296,FB,ORD,122,4,4A,2013-11-24 02:36:21,U,WEB,000950169665,275F43,2013-11-14
2013-10-11,1298,FB,DEN,445,16,5B,2013-10-11 13:28:34,F,AGENT,000365709222,7AF258,2013-10-11
2014-05-12,9761,FB,LHR,181,5,1K,2014-05-11 23:53:42,F,AGENT,000365709222,B03859,2014-05-08
2012-06-23,4337,FB,ORD,466,15,3F,2012-06-23 11:29:06,F,AGENT,000365709222,C5BF1E,2012-06-19
2012-11-21,4970,FB,EWR,71,15,1B,2012-11-21 18:17:20,F,eService,000365709222,2B2D09,2012-02-21
2013-02-07,4485,FB,IAH,696,16,7J,2013-02-06 22:27:33,R,WEB,000950169665,394CC9,2013-01-22
2012-07-23,2308,FB,PDX,398,20,1E,2012-07-23 16:57:44,F,eService,000365709222,3DB52A,2012-06-19
2014-05-16,1585,FB,LHR,329,9,1E,2014-05-15 19:07:03,C,AGENT,000365709222,586F70,2014-05-14
2012-04-04,4039,FB,IAD,27,9,4A,2012-04-04 22:10:57,Y,eService,000365709222,75EE85,2012-03-09
2013-03-09,8833,FB,DXB,332,1,1C,2013-03-07 18:35:24,F,AGENT,000365709222,F31BC3,2013-02-28
2013-09-19,4485,FB,LHR,187,0,1K,2013-09-18 07:35:46,F,AGENT,000365709222,CFC7D9,2013-09-06
2012-06-04,5907,FB,EWR,378,28,1E,2012-06-04 19:05:59,F,eService,000365709222,C9D526,2012-05-09
2014-07-24,5899,FB,ORD,47,6,1B,2014-07-24 10:13:20,H,AGENT,000365709222,F8AD06,2014-07-16
2012-11-03,3045,FB,IAD,136,4,1K,2012-11-03 05:57:27,F,AGENT,000365709222,04D002,2012-11-02
2014-05-31,5713,FB,LHR,145,2,1K,2014-05-30 07:43:00,F,WEB,000365709222,C29515,2014-05-15
2013-05-10,4112,FB,SYD,426,0,3H,2013-05-08 14:17:38,F,AGENT,000365709222,929E1D,2013-04-25
2013-12-07,9431,FB,EWR,185,25,4E,2013-12-07 12:34:00,F,WEB,000365709222,7C599B,2013-11-15
2012-04-26,9254,FB,IAH,138,14,23A,2012-04-26 12:56:04,U,WEB,000950169665,D468C9,2012-03-30
2014-07-20,9620,FB,SFO,106,2,29F,2014-07-20 02:45:50,W,WEB,000163353775,86211C,2014-07-10
2012-07-29,9156,FB,ORD,174,6,1K,2012-07-29 09:16:00,F,AGENT,000365709222,817E01,2012-06-29
2013-03-18,1524,FB,ORD,172,15,1D,2013-03-19 01:02:44,F,AGENT,000365709222,B1B041,2013-03-10
2013-02-13,7278,FB,MEL,257,12,3H,2013-02-13 00:21:00,F,AGENT,000365709222,2906BD,2013-01-23
2012-06-28,8596,FB,LAS,93,5,3A,2012-06-27 15:04:04,F,WEB,000365709222,292E9A,2012-04-28
2013-11-30,2495,FB,DFW,116,0,12D,2013-11-29 21:56:50,V,WEB,000407811114,ACA89E,2013-11-03
2012-03-23,5940,FB,ORD,36,4,4A,2012-03-23 13:18:39,W,WEB,000950169665,2B1F4E,2012-01-02
2012-10-11,5840,FB,LHR,234,0,1A,2012-10-10 00:22:01,F,AGENT,000365709222,958A13,2012-10-06
2014-05-15,2308,FB,ORD,230,10,1K,2014-05-15 19:07:03,F,AGENT,000365709222,586F70,2014-05-14
2012-11-25,2778,FB,HNL,147,23,1A,2012-11-26 05:53:12,F,eService,000365709222,0D5F2A,2012-09-09
2012-10-23,9411,FB,ORD,478,46,2K,2012-10-23 15:41:19,F,AGENT,000365709222,DF94FE,2012-09-17
2013-12-22,8456,FB,EWR,390,25,2B,2013-12-22 16:33:01,F,WEB,000365709222,90D481,2013-12-18
2012-05-11,1546,FB,NRT,858,14,4H,2012-05-10 16:24:45,F,AGENT,000365709222,66CCF9,2012-05-07
2014-02-19,3686,FB,DEN,280,15,4B,2014-02-19 11:11:14,F,AGENT,000365709222,C53913,2014-02-14
2013-08-30,9557,FB,MBS,126,5,4B,2013-08-30 00:17:12,Y,WEB,000365709222,E6EBEA,2013-08-28
2014-01-14,2308,FB,ORD,125,7,6A,2014-01-14 23:58:44,J,AGENT,000365709222,4A7D73,2014-01-14
2014-07-06,2716,FB,ORD,95,0,1A,2014-07-05 03:44:06,F,WEB,000365709222,A6A56B,2014-04-06
2012-04-12,8159,FB,IAH,51,4,18A,2012-04-12 17:06:06,Q,AGENT,000950169665,608518,2012-02-23
2013-09-23,5211,FB,ORD,141,8,8F,2013-09-22 15:38:09,L,WEB,000950169665,CC423E,2013-08-30
2012-12-03,2261,FB,ORD,157,10,21A,2012-12-02 16:31:38,S,WEB,000950169665,AEDC81,2012-10-19
2013-12-09,3002,FB,STL,90,1,7D,2013-12-09 03:30:27,Y,WEB,000990013836,BF5D1D,2013-12-08
2013-07-22,7646,FB,ORD,91,1,1A,2013-07-21 14:10:45,P,WEB,000950169665,A78D4E,2013-07-11
2012-12-27,5168,FB,ORD,29,11,23A,2012-12-27 11:54:45,V,eService,000990013836,AAE85F,2012-10-02
2012-09-18,2363,FB,LAX,101,4,1E,2012-09-18 20:11:25,F,eService,000365709222,7D803C,2012-09-18
2012-03-12,9609,FB,ORD,11,4,24F,2012-03-11 23:06:17,Q,WEB,000950169665,1DC6A4,2012-01-31
2013-11-05,7317,FB,SFO,162,23,1E,2013-11-05 18:24:30,F,AGENT,000365709222,669E8C,2013-10-15
2013-07-25,8632,FB,LGA,181,7,11F,2013-07-24 21:05:40,S,WEB,000950169665,A78D4E,2013-07-11
2012-09-10,9411,FB,ORD,499,17,4C,2012-09-10 12:08:41,F,AGENT,000365709222,9A6A8B,2012-09-04
2014-04-28,9071,FB,EWR,491,11,32D,2014-04-27 21:52:43,S,WEB,000407811114,99D4DC,2014-04-07
2012-08-07,1434,FB,ORD,95,4,30A,2012-08-06 20:29:34,L,WEB,000950169665,C70944,2012-07-30
2012-09-23,1441,FB,JAX,166,0,2D,2012-09-22 15:05:07,R,WEB,000950169665,7131EE,2012-08-18
2012-10-10,4148,FB,SFO,207,2,2K,2012-10-10 00:22:01,F,AGENT,000365709222,958A13,2012-10-06
2013-02-24,3999,FB,IAH,212,14,31F,2013-02-24 01:12:19,S,WEB,000407811114,064550,2013-02-05
2012-09-20,7070,FB,IAH,23,3,3A,2012-09-19 22:29:16,T,WEB,000950169665,7131EE,2012-08-18
2013-09-18,3719,FB,SEA,206,10,1F,2013-09-18 01:39:44,F,WEB,000365709222,082712,2013-09-06
2013-09-23,3639,FB,EWR,465,37,1F,2013-09-23 14:09:04,F,WEB,000365709222,39E37B,2013-09-18
2014-03-24,9557,FB,ORD,85,4,1A,2014-03-24 14:16:28,Y,AGENT,000365709222,AFD6CA,2014-03-23
2013-04-21,8113,FB,ORD,70,5,3B,2013-04-21 21:58:10,Y,AGENT,000365709222,F02D05,2013-04-19
2013-02-11,4375,FB,MCO,164,17,1A,2013-02-11 20:45:49,F,AGENT,000365709222,C69F6D,2012-12-30
2013-05-13,7648,FB,LAX,292,22,1A,2013-05-13 13:05:11,F,eService,000365709222,8ACCDA,2013-05-06
2012-11-15,3799,FB,IAH,231,12,8D,2012-11-15 17:39:45,W,WEB,000950169665,6C9133,2012-10-27
2013-04-23,9557,FB,MBS,65,4,1B,2013-04-23 17:25:06,Y,AGENT,000365709222,F5FF60,2013-04-06
2012-03-07,7581,FB,EWR,175,9,1E,2012-03-07 18:22:39,F,eService,000365709222,70EF43,2012-03-07
2013-04-11,7525,FB,EWR,300,18,10A,2013-04-11 00:43:13,W,WEB,000950169665,4545A3,2013-03-24
2013-03-03,4272,FB,EWR,190,9,1E,2013-03-03 19:24:19,F,eService,000365709222,59A0A7,2013-03-01
2012-10-28,3999,FB,IAH,232,10,1F,2012-10-28 18:36:27,I,eService,000493524149,4A56FC,2012-10-28
2012-11-02,4228,FB,ORD,55,9,10C,2012-11-02 15:31:36,G,WEB,000407811114,7514FE,2012-10-16
2013-12-12,3335,FB,MCI,52,11,1A,2013-12-12 23:37:10,F,AGENT,000365709222,F7F96F,2013-11-18
2012-03-09,3108,FB,LAX,545,8,1A,2012-03-09 19:46:11,F,AGENT,000365709222,2440B0,2012-03-04
2013-11-03,6737,FB,SFO,437,22,1A,2013-11-04 02:08:40,F,AGENT,000365709222,7CD6B5,2013-10-04
2012-07-19,4112,FB,SYD,430,13,4C,2012-07-19 00:01:16,F,AGENT,000365709222,C5CDC6,2012-04-15
2013-07-28,9071,FB,EWR,281,22,1E,2013-07-28 11:58:37,F,AGENT,000365709222,B41EAF,2013-07-10
2013-02-11,9449,FB,DEN,238,16,31C,2013-02-11 20:23:53,H,eService,000025063186,14C279,2013-01-08
2014-01-31,8331,FB,ORD,89,2,1D,2014-01-30 20:15:47,R,WEB,000950169665,0D2DC3,2013-10-23
2014-03-26,7515,FB,EWR,27,3,23A,2014-03-25 12:51:07,XN,WEB,000025063186,B60EFF,2014-01-14
2014-06-22,6031,FB,EWR,249,19,1E,2014-06-22 14:12:39,F,AGENT,000365709222,5D4C49,2014-06-12
2013-01-03,7127,FB,ORD,205,13,1A,2013-01-03 19:21:59,F,AGENT,000365709222,B101D9,2012-12-08
2014-04-19,7088,FB,ORD,273,7,1B,2014-04-19 07:42:50,F,AGENT,000365709222,EDBB7A,2014-02-01
2012-06-17,1077,FB,LAX,293,16,1E,2012-06-17 02:07:59,F,AGENT,000365709222,2753C0,2012-02-21
2014-05-09,9618,FB,LHR,162,6,1A,2014-05-08 18:20:25,F,AGENT,000365709222,2136EB,2014-05-07
2014-06-04,1060,FB,SFO,118,2,1C,2014-06-03 17:55:04,F,WEB,000365709222,413A51,2014-05-29
2012-08-14,5176,FB,FCO,99,18,1A,2012-08-14 06:03:36,J,AGENT,000365709222,2E7320,2012-03-25
2012-05-13,8920,FB,EWR,46,13,1B,2012-05-13 20:02:12,J,eService,000365709222,CC467F,2012-03-03
2012-08-14,3335,FB,EWR,134,3,1B,2012-08-15 00:33:42,F,eService,000365709222,DB67A8,2012-07-19
2014-05-28,5713,FB,LHR,113,9,1A,2014-05-28 05:37:18,F,AGENT,000365709222,181A3E,2014-05-15
2013-04-23,9584,FB,ORD,235,0,2F,2013-04-22 12:17:14,R,WEB,000950169665,743DC9,2013-04-01
2013-06-24,3861,FB,TLV,14,11,4D,2013-06-23 19:26:27,J,AGENT,000365709222,9EC7C1,2012-12-11
2012-09-13,4112,FB,SYD,305,0,4C,2012-09-11 19:29:38,F,AGENT,000365709222,A2A9DB,2012-09-04
2014-02-24,9557,FB,ORD,103,6,1A,2014-02-24 16:40:33,Y,AGENT,000365709222,38FE4E,2014-02-10
2013-07-10,8296,FB,GSP,112,3,16A,2013-07-09 23:05:24,XN,WEB,000950169665,FF46C1,2013-07-09
2014-01-02,2205,FB,SEA,475,22,3E,2014-01-02 17:37:51,F,AGENT,000365709222,54938F,2013-12-21
2012-05-03,3156,FB,ORD,565,39,1E,2012-05-03 12:10:35,F,AGENT,000365709222,8801A4,2012-05-02
2013-05-08,3108,FB,LAX,271,4,1A,2013-05-08 14:17:38,F,AGENT,000365709222,929E1D,2013-04-25
2013-04-29,7278,FB,MEL,224,3,4A,2013-04-28 04:21:59,A,AGENT,000365709222,A24154,2013-03-28
2013-07-08,5743,FB,EWR,132,5,1E,2013-07-07 21:03:46,F,eService,000365709222,13AEFA,2013-06-25
2013-01-02,9630,FB,EWR,237,24,1B,2013-01-02 11:27:42,F,eService,000365709222,8E82B1,2012-12-08
2013-09-20,5621,FB,IAH,113,16,1B,2013-09-20 19:47:00,F,AGENT,000365709222,EABDD0,2013-09-05
2012-12-10,9503,FB,EWR,204,17,5A,2012-12-10 13:09:26,F,eService,000365709222,54613B,2012-12-07
2014-05-19,9557,FB,ORD,85,1,3C,2014-05-18 15:37:43,Y,AGENT,000365709222,E9F396,2014-05-15
2014-03-13,1632,FB,CLE,232,7,8C,2014-03-13 15:15:20,Y,AGENT,000365709222,199B02,2014-03-13
2012-07-26,5631,FB,GSP,53,3,8B,2012-07-26 16:37:20,Y,AGENT,000365709222,F4D472,2012-07-24
2014-05-18,8592,FB,EWR,187,15,2A,2014-05-18 11:48:07,F,AGENT,000365709222,7642BB,2014-05-15
2014-02-14,6841,FB,ORD,246,23,1A,2014-02-14 17:51:49,F,AGENT,000365709222,CD2789,2014-02-10
2014-07-07,6737,FB,SFO,237,8,1H,2014-07-07 18:05:47,F,AGENT,000365709222,3CE845,2014-07-03
2014-02-23,9194,FB,ORD,153,15,2H,2014-02-23 18:19:42,F,AGENT,000365709222,32C977,2014-02-10
2012-10-27,7278,FB,MEL,566,22,4C,2012-10-27 00:49:08,F,AGENT,000365709222,840C42,2012-10-25
2014-02-03,2853,FB,EWR,126,6,1B,2014-02-02 15:34:18,F,WEB,000365709222,F2A1ED,2014-01-24
2014-07-26,2913,FB,IAH,65,5,3A,2014-07-26 12:02:41,YN,eService,000165855849,F82BEA,2014-06-11
2013-06-20,5110,FB,LGA,171,6,8A,2013-06-19 21:04:33,W,WEB,000950169665,A14FCC,2013-05-26
2014-06-05,9853,FB,OKC,44,6,1C,2014-06-05 22:26:47,F,AGENT,000365709222,DEA5EB,2014-05-27
2012-10-12,8147,FB,ORD,329,25,1A,2012-10-12 17:04:48,F,AGENT,000365709222,958A13,2012-10-06
2014-07-19,1684,FB,EWR,200,17,6D,2014-07-19 20:22:55,C,AGENT,000365709222,C6B6CE,2014-07-15
2014-07-21,5826,FB,LGA,365,16,31B,2014-07-21 00:08:40,E,WEB,000134299922,F3866D,2014-07-20
2013-09-16,3811,FB,SFO,253,16,1A,2013-09-16 18:31:34,F,AGENT,000365709222,082712,2013-09-06
2013-10-19,8614,FB,BOM,232,24,17J,2013-10-19 16:06:02,L,AGENT,000025063186,C38A82,2013-10-07
2012-10-15,4431,FB,IAD,334,18,1K,2012-10-15 12:53:13,F,AGENT,000365709222,1F2EBD,2012-09-17
2013-07-18,8576,FB,LGA,350,6,1A,2013-07-17 22:09:21,R,WEB,000950169665,E8B6D2,2013-06-26
2013-08-30,9071,FB,ORD,467,14,1E,2013-08-30 00:17:12,F,WEB,000365709222,E6EBEA,2013-08-28
2014-06-09,5787,FB,ORD,273,8,27A,2014-06-08 23:19:18,U,WEB,000025063186,AD2788,2014-06-05
2014-05-19,2290,FB,FRA,250,4,2K,2014-05-18 15:37:43,F,AGENT,000365709222,E9F396,2014-05-15
2012-11-09,4345,FB,EWR,149,6,3A,2012-11-09 12:35:36,F,AGENT,000365709222,BEE512,2012-11-05
2013-12-06,1105,FB,LAS,180,12,3E,2013-12-05 22:41:50,F,WEB,000365709222,072B78,2013-11-26
2014-07-31,8113,FB,MBS,63,8,1B,2014-07-31 21:44:53,Y,AGENT,000365709222,658050,2014-07-16
2012-09-08,4086,FB,LAX,153,11,2D,2012-09-08 01:44:48,F,AGENT,000365709222,847C11,2012-08-20
2012-09-14,6620,FB,ORD,301,16,1B,2012-09-14 01:13:51,F,AGENT,000365709222,9283D1,2012-09-04
2014-05-12,9262,FB,ORD,123,3,1A,2014-05-11 21:24:06,PN,WEB,000950169665,A8D9A2,2014-05-07
2012-08-23,5858,FB,ORD,70,13,2C,2012-08-23 13:51:48,F,AGENT,000365709222,CEF74A,2012-07-22
2013-10-15,6589,FB,RDU,163,10,2C,2013-10-15 21:57:22,R,WEB,000950169665,C14223,2013-10-04
2014-02-13,8673,FB,ORD,81,6,4F,2014-02-12 15:54:09,IN,AGENT,000950169665,19E4D0,2013-08-13
2012-12-05,7278,FB,SYD,396,23,4K,2012-12-05 00:28:06,F,AGENT,000365709222,5B20C9,2012-11-05
2012-07-31,2504,FB,SFO,340,4,2K,2012-07-31 02:19:27,F,WEB,000365709222,E569A1,2012-06-29
2014-06-12,9557,FB,MBS,119,9,8C,2014-06-12 19:12:36,Y,AGENT,000365709222,80F460,2014-06-11
2014-05-04,1845,FB,EWR,9,8,1B,2014-05-04 14:28:57,F,AGENT,000365709222,3EADBF,2014-04-01
2014-07-22,3774,FB,ORD,177,9,27B,2014-07-22 17:58:24,U,WEB,000134299922,F3866D,2014-07-20
2013-02-01,4479,FB,ORD,145,7,3E,2013-02-01 11:29:23,F,AGENT,000365709222,3484C6,2013-01-15
2014-06-02,9557,FB,ORD,90,6,2C,2014-06-02 17:12:20,Y,AGENT,000365709222,F6DB8C,2014-05-23
2014-06-21,1434,FB,EWR,345,24,1C,2014-06-21 11:04:56,F,WEB,000365709222,E75F6B,2014-06-12
2013-10-06,7127,FB,ORD,247,9,2K,2013-10-06 18:00:01,F,AGENT,000365709222,034C7D,2013-10-05
2012-03-11,7278,FB,MEL,470,35,1A,2012-03-11 01:39:30,F,AGENT,000365709222,2440B0,2012-03-04
2012-03-20,9411,FB,ORD,773,42,4K,2012-03-20 16:27:27,F,AGENT,000365709222,4B5E26,2012-03-19
2013-12-26,4272,FB,EWR,420,26,4B,2013-12-26 16:27:43,F,eService,000365709222,694DB5,2013-12-18
2012-09-27,6561,FB,ORD,340,22,6F,2012-09-27 19:57:49,F,AGENT,000365709222,C19084,2012-09-27
2012-05-17,1546,FB,NRT,863,0,4A,2012-05-15 18:30:41,F,AGENT,000365709222,026A7C,2012-05-14
2013-04-08,4043,FB,ORD,332,26,1E,2013-04-08 19:15:28,F,AGENT,000365709222,A04D85,2013-03-24
2012-12-17,6200,FB,ORD,436,3,2F,2012-12-16 14:54:14,R,WEB,000950169665,E01DC5,2012-11-12
2013-05-19,4378,FB,EWR,543,16,1E,2013-05-18 22:29:12,F,WEB,000365709222,EA3DC0,2013-05-15
2014-06-26,9156,FB,ORD,95,17,1C,2014-06-26 11:47:57,F,AGENT,000365709222,A6A56B,2014-04-06
2014-02-27,5899,FB,MBS,73,4,1A,2014-02-27 12:45:45,Y,AGENT,000365709222,C43562,2014-02-26
2013-06-29,4431,FB,IAD,226,22,2H,2013-06-29 14:41:10,F,eService,000365709222,574AFC,2013-06-08
2013-10-31,9557,FB,MBS,27,6,1A,2013-10-31 16:33:00,Y,AGENT,000365709222,BD6754,2013-10-01
2013-09-29,9729,FB,EWR,153,18,1B,2013-09-29 13:31:04,F,eService,000365709222,B27CE8,2013-09-06
2012-07-11,9830,FB,JFK,14,9,1A,2012-07-11 20:40:22,F,AGENT,000365709222,C5CDC6,2012-04-15
2013-01-05,9246,FB,ORD,155,3,2A,2013-01-05 01:11:14,IN,WEB,000950169665,8C2142,2013-01-05
2014-03-27,7542,FB,CLE,69,5,1A,2014-03-27 15:35:59,F,AGENT,000365709222,338826,2014-03-20
2013-09-30,9618,FB,LHR,215,11,2H,2013-09-29 18:47:55,F,AGENT,000365709222,779565,2013-09-06
2012-10-08,6737,FB,SFO,482,24,3K,2012-10-09 00:04:56,F,eService,000365709222,0A69C5,2012-10-06
2013-03-18,5068,FB,EWR,46,6,1D,2013-03-18 11:58:53,F,eService,000365709222,5958BD,2013-03-10
2013-01-17,7858,FB,LHR,147,6,6H,2013-01-17 12:40:16,J,AGENT,000365709222,8E5732,2013-01-13
2012-05-31,5932,FB,JFK,83,3,1B,2012-05-31 01:24:49,F,AGENT,000365709222,9086A2,2012-05-15
2014-03-19,8936,FB,SFO,365,13,4E,2014-03-19 12:54:35,F,WEB,000365709222,7CDB57,2014-03-18
2013-12-10,3467,FB,JFK,156,8,23E,2013-12-10 03:44:59,V,WEB,000134299922,26CA61,2013-12-04
2013-06-07,3022,FB,ORD,182,11,2F,2013-06-07 12:42:03,F,AGENT,000365709222,BC8B55,2013-06-07
2012-11-19,1281,FB,DEN,67,2,1C,2012-11-18 20:11:25,F,AGENT,000365709222,1C4BC1,2012-11-05
2013-08-11,5743,FB,EWR,166,16,1E,2013-08-11 12:49:28,F,AGENT,000365709222,E5A576,2013-08-05
2014-05-15,5860,FB,YYZ,235,3,2D,2014-05-14 21:38:49,R,WEB,000950169665,A8D9A2,2014-05-07
2014-04-21,5899,FB,ORD,65,4,1D,2014-04-20 20:29:45,Y,AGENT,000365709222,4CC71C,2014-04-13
2014-03-30,5730,FB,EWR,67,7,2A,2014-03-30 13:00:25,F,AGENT,000365709222,712136,2014-03-02
2013-12-16,6966,FB,ORD,35,1,2A,2013-12-15 21:22:57,P,WEB,000809758842,A4D175,2013-12-03
2013-03-17,9744,FB,DFW,43,11,17C,2013-03-17 18:05:11,W,WEB,000407811114,5B7EDB,2013-02-14
2012-10-25,1239,FB,NRT,673,5,2C,2012-10-24 08:23:06,F,AGENT,000365709222,1F2EBD,2012-09-17
2012-06-13,3108,FB,SYD,305,41,3C,2012-06-12 03:15:20,F,AGENT,000365709222,2753C0,2012-02-21
2012-09-03,4152,FB,IND,107,3,1D,2012-09-03 12:50:57,F,AGENT,000365709222,1F7009,2012-08-06
2012-12-05,1694,FB,LAX,161,9,1E,2012-12-05 00:28:06,F,AGENT,000365709222,5B20C9,2012-11-05
2013-12-05,5899,FB,ORD,44,3,1B,2013-12-05 10:08:34,Y,AGENT,000365709222,6CF8DB,2013-11-25
2013-03-07,4324,FB,IAD,301,19,1C,2013-03-07 18:35:24,F,AGENT,000365709222,F31BC3,2013-02-28
2013-01-01,9350,FB,SIN,283,33,1C,2012-12-31 21:40:27,F,AGENT,000365709222,C268B9,2012-07-05
2012-03-06,1358,FB,ORD,286,16,1F,2012-03-06 17:57:29,R,AGENT,000365709222,3DA72C,2012-03-05
2012-06-04,1055,FB,ORD,30,5,24A,2012-06-03 17:35:50,T,WEB,000950169665,A295A2,2012-05-08
2013-03-28,6095,FB,ORD,493,44,3E,2013-03-28 19:57:12,F,AGENT,000365709222,852B1C,2013-03-24
2012-10-21,2721,FB,ORD,253,3,4A,2012-10-20 22:35:12,R,WEB,000950169665,A698F0,2012-10-13
2013-12-04,6701,FB,TUS,45,3,18A,2013-12-03 20:18:24,K,WEB,000950169665,3E6673,2013-10-03
2013-04-14,8692,FB,EWR,363,19,5A,2013-04-14 18:08:41,F,AGENT,000365709222,FC0619,2013-04-13
2012-04-04,6743,FB,CRW,11,3,1A,2012-04-04 22:10:57,Y,eService,000365709222,75EE85,2012-03-09
2013-06-28,3861,FB,TLV,61,10,8E,2013-06-27 19:05:50,C,AGENT,000365709222,95253D,2013-02-20
2012-07-08,4967,FB,GSP,55,0,3B,2012-07-07 21:55:10,W,WEB,000950169665,1A0B6C,2012-06-09
2014-06-17,9380,FB,ORD,371,21,1E,2014-06-17 16:08:27,F,AGENT,000365709222,3F7DA9,2014-06-04
2013-03-20,4782,FB,DFW,153,20,2B,2013-03-20 13:47:45,F,eService,000365709222,B1B041,2013-03-10
2013-04-24,1794,FB,EWR,21,13,1E,2013-04-24 17:20:55,F,AGENT,000365709222,07C853,2013-01-15
2013-06-21,9557,FB,MBS,83,8,1B,2013-06-21 19:26:19,Y,AGENT,000365709222,5C0828,2013-06-15
2012-06-06,3734,FB,EWR,77,4,1B,2012-06-06 20:24:36,F,AGENT,000365709222,3374A7,2012-03-31
2014-05-06,5511,FB,ATL,26,3,1B,2014-05-06 12:11:59,Y,eService,000365709222,61122D,2014-04-22
2014-06-03,5899,FB,MBS,43,5,2C,2014-06-03 11:54:05,Y,AGENT,000365709222,413A51,2014-05-29
2013-07-18,5678,FB,ORD,77,3,1A,2013-07-17 20:58:02,F,AGENT,000365709222,484A3A,2013-07-17
2012-05-14,8073,FB,TXL,63,5,1F,2012-05-13 12:31:48,J,WEB,000365709222,7101D2,2012-03-04
2012-11-18,3548,FB,ORD,150,4,7B,2012-11-18 01:03:17,S,WEB,000407811114,130F5D,2012-11-17
2012-10-18,5460,FB,PHX,149,5,1A,2012-10-18 12:54:35,F,AGENT,000365709222,2F5AAA,2012-10-09
2013-10-06,9729,FB,EWR,246,16,1A,2013-10-06 13:33:25,F,eService,000365709222,422EE6,2013-10-03
2012-11-08,1546,FB,NRT,873,10,3K,2012-11-07 17:20:54,F,AGENT,000365709222,58349F,2012-11-05
2013-12-15,3022,FB,ORD,99,1,1A,2013-12-14 15:02:36,F,WEB,000365709222,0BD7A6,2013-09-07
2014-05-13,5871,FB,EWR,140,9,22B,2014-05-13 12:58:42,M,WEB,000134299922,111451,2014-05-08
2012-07-19,4142,FB,SFO,314,11,1E,2012-07-19 00:01:16,F,AGENT,000365709222,C5CDC6,2012-04-15
2013-12-16,9761,FB,LHR,170,4,1C,2013-12-16 00:57:52,F,AGENT,000365709222,8EFBD0,2013-12-14
2013-11-04,7606,FB,ORD,115,7,9A,2013-11-03 16:47:55,L,WEB,000950169665,D7A333,2013-10-10
2012-05-26,7858,FB,LHR,131,0,7K,2012-05-25 14:21:18,Z,WEB,000950169665,CBA4F1,2012-05-07
2014-05-01,5898,FB,YYZ,49,0,4A,2014-04-30 23:21:24,Q,WEB,000950169665,99A772,2014-04-16
2013-04-17,7278,FB,SYD,60,5,4A,2013-04-16 21:08:02,F,WEB,000365709222,ABEDC1,2012-12-19
2012-10-07,7127,FB,ORD,32,2,7K,2012-10-06 21:17:41,Z,WEB,000950169665,3233FA,2012-08-24
2012-10-04,3108,FB,SYD,559,19,1K,2012-10-02 20:06:07,F,AGENT,000365709222,79589F,2012-09-27
2014-07-29,9555,FB,LGA,248,12,11B,2014-07-29 01:47:58,E,WEB,000134299922,B75402,2014-07-27
2013-12-14,2380,FB,EWR,48,5,1C,2013-12-14 13:52:00,F,eService,000365709222,0BD7A6,2013-09-07
2013-02-08,5383,FB,PEK,136,3,2C,2013-02-07 17:46:52,F,AGENT,000365709222,19574B,2012-12-29
2012-03-17,9560,FB,IAD,564,8,1F,2012-03-16 17:59:32,F,AGENT,000365709222,C29564,2012-03-09
2013-01-17,1129,FB,ORD,451,21,3A,2013-01-17 13:48:13,F,AGENT,000365709222,272E70,2013-01-12
2014-06-24,2308,FB,ORD,189,15,1A,2014-06-24 21:43:51,F,AGENT,000365709222,027963,2014-06-19
2014-01-27,8095,FB,IAH,115,21,2A,2014-01-27 22:07:29,F,eService,000365709222,8CE666,2014-01-03
2013-08-28,6799,FB,SFO,169,5,1C,2013-08-28 02:44:08,J,AGENT,000365709222,5AB9B6,2013-06-20
2013-11-06,3605,FB,DEN,382,28,2A,2013-11-06 22:25:38,F,eService,000365709222,D9824A,2013-11-05
2012-04-30,1546,FB,NRT,877,7,2A,2012-04-29 16:14:30,F,AGENT,000365709222,612683,2012-04-28
2012-10-04,7278,FB,MEL,236,0,1A,2012-10-02 20:06:07,F,AGENT,000365709222,79589F,2012-09-27
2014-05-29,2912,FB,ORD,60,3,12A,2014-05-29 03:53:41,T,WEB,000950169665,EF9CC9,2014-04-28
2013-01-02,8155,FB,VPS,15,9,17B,2013-01-02 16:53:09,T,AGENT,000165855849,B63377,2012-08-14
2012-06-01,2979,FB,LAX,234,22,1F,2012-06-01 11:34:28,F,eService,000365709222,CD3AF7,2012-05-15
2012-12-22,8296,FB,ORD,81,1,12C,2012-12-21 21:05:52,U,WEB,000950169665,6A9BC8,2012-11-27
2013-05-23,3519,FB,ORD,330,27,1A,2013-05-23 12:13:58,F,AGENT,000365709222,AAD1AE,2013-05-18
2013-11-17,3055,FB,EWR,168,2,29A,2013-11-17 08:22:58,V,WEB,000025063186,B4EE9C,2013-11-13
2012-04-23,4647,FB,EWR,222,12,10D,2012-04-23 12:11:32,Y,WEB,000365709222,F4A33A,2012-04-22
2012-05-16,9618,FB,LHR,95,2,1K,2012-05-15 17:51:47,F,AGENT,000365709222,F37FBF,2012-05-14
2013-09-18,7966,FB,SFO,376,8,1A,2013-09-18 07:35:45,F,AGENT,000365709222,CFC7D9,2013-09-06
2014-04-27,2632,FB,EWR,153,15,1E,2014-04-27 17:55:16,F,AGENT,000365709222,6ACD7F,2014-04-13
2014-07-20,3108,FB,LAX,384,15,1K,2014-07-20 20:00:22,A,AGENT,000365709222,F8AD06,2014-07-16
2012-10-02,3704,FB,DFW,167,10,3B,2012-10-01 20:32:51,F,AGENT,000365709222,093400,2012-09-22
2013-07-31,9014,FB,LGA,245,7,11F,2013-07-30 21:13:49,T,WEB,000950169665,06E131,2013-07-19
2014-06-06,4941,FB,ORD,76,15,2F,2014-06-05 23:04:48,P,WEB,000950169665,C267CE,2014-04-22
2014-06-05,9082,FB,YYZ,113,4,10F,2014-06-04 21:38:49,W,WEB,000950169665,5F86C6,2014-05-19
2014-07-19,5249,FB,SAN,274,16,36F,2014-07-19 12:26:49,V,eService,000163353775,86211C,2014-07-10
2013-10-10,4227,FB,DEN,361,32,1A,2013-10-10 17:42:54,F,WEB,000365709222,E02626,2013-10-03
2013-10-14,1739,FB,DEN,58,3,1D,2013-10-14 10:52:39,Y,eService,000365709222,6C5245,2013-10-11
2014-06-08,2302,FB,PVG,451,26,40K,2014-06-08 05:48:42,V,AGENT,000876964176,A10AEB,2014-06-05
2014-03-20,5756,FB,LAX,207,9,1F,2014-03-20 22:26:08,C,AGENT,000365709222,B5BBCE,2014-03-20
2013-03-25,2613,FB,ORD,120,5,6C,2013-03-25 02:49:05,Y,AGENT,000365709222,AB5939,2013-03-21
2013-01-28,4345,FB,EWR,292,21,5E,2013-01-28 19:07:31,F,WEB,000365709222,3484C6,2013-01-15
2012-05-30,6034,FB,ORD,72,4,2F,2012-05-31 01:08:35,F,AGENT,000365709222,558C01,2012-05-27
2012-08-31,9856,FB,ORD,93,20,26A,2012-08-31 21:10:19,T,eService,000407811114,854168,2012-07-31
2013-05-06,7646,FB,ORD,21,0,5F,2013-05-05 12:13:59,S,WEB,000950169665,CB6952,2013-04-01
2013-12-09,4471,FB,DEN,104,7,3D,2013-12-09 18:39:35,Y,AGENT,000365709222,6A4511,2013-12-09
2013-11-06,7360,FB,LAS,390,29,1B,2013-11-06 22:25:38,F,eService,000365709222,D9824A,2013-11-05
2014-02-16,2284,FB,SAL,23,2,10C,2014-02-16 10:24:42,X,WEB,000407811114,E32642,2013-12-13
2012-08-24,2026,FB,DEN,198,13,1E,2012-08-24 13:46:10,F,WEB,000365709222,CEF74A,2012-07-22
2013-11-07,2950,FB,SFO,80,8,3F,2013-11-07 00:09:55,R,WEB,000950169665,D7A333,2013-10-10
2013-09-14,3108,FB,LAX,554,21,4C,2013-09-14 19:55:14,F,AGENT,000365709222,868473,2013-09-10
2013-07-24,7337,FB,ORD,773,58,3F,2013-07-24 23:34:03,F,AGENT,000365709222,954452,2013-07-23
2013-10-25,8384,FB,ORD,338,17,2B,2013-10-25 11:14:35,F,AGENT,000365709222,167F82,2013-09-25
2014-01-14,6590,FB,MUC,128,12,1D,2014-01-14 07:25:39,F,AGENT,000365709222,67C412,2013-12-31
2014-06-15,5442,FB,EWR,514,29,7B,2014-06-15 13:45:29,E,AGENT,000365709222,F0DDFF,2014-05-23
2012-08-25,4778,FB,EWR,312,39,5K,2012-08-25 15:24:41,F,eService,000365709222,9F34CC,2012-07-04
2013-05-26,2778,FB,HNL,274,10,8A,2013-05-26 06:19:43,F,WEB,000365709222,699128,2013-05-18
2013-09-01,3017,FB,ORD,194,12,1A,2013-09-01 21:21:58,F,AGENT,000365709222,9D33E2,2013-08-28
2013-10-18,6862,FB,ORD,307,11,20F,2013-10-17 17:55:57,T,WEB,000499804303,D03177,2013-09-30
2013-06-11,3861,FB,TLV,24,8,3D,2013-06-10 13:14:48,J,AGENT,000365709222,071BBF,2012-12-11
2014-01-02,3639,FB,ORD,177,12,1E,2014-01-02 14:00:05,F,AGENT,000365709222,03E034,2013-12-31
2014-06-20,5899,FB,MBS,166,7,10D,2014-06-20 02:00:19,Y,AGENT,000365709222,11BC05,2014-06-18
2014-04-11,2195,FB,ORD,47,2,15A,2014-04-11 03:07:01,W,WEB,000407811114,69E5B2,2014-03-28
2013-05-23,9830,FB,JFK,188,10,1A,2013-05-23 22:11:52,F,AGENT,000365709222,699128,2013-05-18
2013-05-20,3017,FB,ORD,247,15,1K,2013-05-21 00:21:12,F,AGENT,000365709222,8DA5F8,2013-05-20
2013-12-20,7581,FB,ORD,395,17,5B,2013-12-20 03:53:45,F,AGENT,000365709222,1A5011,2013-09-07
2013-08-20,5036,FB,ORD,18,0,12A,2013-08-19 12:01:59,XN,WEB,000950169665,5C13C6,2013-08-05
2012-11-07,9411,FB,ORD,713,43,3K,2012-11-07 17:20:54,F,AGENT,000365709222,58349F,2012-11-05
2012-12-31,8615,FB,ORD,144,6,8A,2012-12-31 00:41:46,T,AGENT,000950169665,9D9631,2012-11-04
2012-04-05,3593,FB,IAH,34,8,24F,2012-04-04 23:05:44,M,WEB,000950169665,D72518,2012-02-21
2014-07-17,9071,FB,ORD,291,32,1A,2014-07-17 18:52:51,F,AGENT,000365709222,3033EB,2014-07-04
2013-06-10,4806,FB,EWR,24,17,4D,2013-06-10 13:13:45,J,AGENT,000365709222,8D321A,2012-12-11
2012-03-08,5377,FB,ORD,93,4,4A,2012-03-08 00:52:39,Y,AGENT,000365709222,70EF43,2012-03-07
2012-10-29,3499,FB,ORD,197,11,21E,2012-10-28 16:20:32,S,WEB,000950169665,9D1FE3,2012-10-13
2014-05-15,9557,FB,MBS,111,9,1C,2014-05-15 19:07:03,Y,AGENT,000365709222,586F70,2014-05-14
2012-03-06,7339,FB,GRR,115,6,1A,2012-03-06 17:57:29,Y,AGENT,000365709222,3DA72C,2012-03-05
2014-03-19,9366,FB,LAX,273,12,6B,2014-03-19 12:54:35,F,WEB,000365709222,7CDB57,2014-03-18
2012-10-01,8585,FB,EWR,147,15,4F,2012-10-01 15:55:07,F,eService,000365709222,093400,2012-09-22
2013-01-01,8674,FB,ORD,26,25,1A,2012-12-31 21:40:27,F,AGENT,000365709222,C268B9,2012-07-05
2013-06-23,4806,FB,EWR,24,27,3D,2013-06-23 19:23:32,J,AGENT,000365709222,D0C25D,2012-12-11
2012-04-01,6623,FB,IAD,34,2,11F,2012-04-01 21:19:47,Y,AGENT,000365709222,F3EAD5,2012-03-09
2013-05-11,9282,FB,LHR,238,10,11B,2013-05-10 18:08:14,J,AGENT,000365709222,1CBD37,2013-05-06
2012-03-25,7258,FB,IAD,33,4,1A,2012-03-25 17:37:04,Y,AGENT,000365709222,C96D8F,2012-03-09
2014-01-12,2339,FB,EWR,369,28,2A,2014-01-12 16:58:19,F,eService,000365709222,3BA6C1,2013-12-31
2012-03-11,7278,FB,SYD,470,35,1A,2012-03-11 01:39:30,F,AGENT,000365709222,2440B0,2012-03-04
2013-09-29,7127,FB,ORD,83,9,1A,2013-09-29 18:47:55,F,AGENT,000365709222,779565,2013-09-06
2012-06-20,2215,FB,MIA,82,9,2A,2012-06-20 13:16:07,F,AGENT,000365709222,341C6F,2012-06-12
2013-02-21,2904,FB,DTW,195,8,1C,2013-02-21 17:47:06,F,eService,000365709222,863630,2013-02-15
2012-10-16,4431,FB,NRT,334,18,1J,2012-10-15 12:53:13,F,AGENT,000365709222,1F2EBD,2012-09-17
2012-09-11,6561,FB,ORD,194,16,1A,2012-09-11 19:29:38,F,AGENT,000365709222,A2A9DB,2012-09-04
2014-07-31,7085,FB,IAH,279,32,4A,2014-07-31 16:48:43,A,eService,000365709222,E39A53,2014-07-16
2012-05-28,4560,FB,EWR,425,30,4B,2012-05-28 21:43:29,F,eService,000365709222,558C01,2012-05-27
2013-09-14,7278,FB,SYD,578,30,3K,2013-09-14 01:16:58,F,AGENT,000365709222,C9A2D2,2013-09-10
2012-08-24,8456,FB,ORD,430,23,4E,2012-08-24 13:46:10,F,WEB,000365709222,CEF74A,2012-07-22
2013-08-15,1352,FB,JFK,156,23,1E,2013-08-15 17:28:22,C,AGENT,000365709222,5AB9B6,2013-06-20
2013-02-25,3393,FB,ORD,303,3,2A,2013-02-24 14:32:41,R,WEB,000950169665,C1D31E,2013-02-13
2013-06-02,7360,FB,ORD,355,0,1E,2013-06-01 14:28:43,F,AGENT,000365709222,5E87B6,2013-05-31
2014-06-02,9262,FB,ORD,64,1,10F,2014-06-01 12:35:34,V,WEB,000950169665,5F86C6,2014-05-19
2014-06-06,3519,FB,ORD,71,13,14A,2014-06-06 10:45:08,XN,WEB,000499804303,E9E118,2014-05-07
2012-07-12,8967,FB,LAX,39,21,4H,2012-07-12 23:03:55,F,AGENT,000365709222,C5CDC6,2012-04-15
2012-12-12,2308,FB,ORD,116,4,2A,2012-12-12 17:57:44,F,AGENT,000365709222,6C78F0,2012-12-07
2012-10-05,8208,FB,ORD,201,11,2F,2012-10-05 13:57:54,F,AGENT,000365709222,79589F,2012-09-27
2012-12-21,5642,FB,ORD,225,36,1E,2012-12-21 14:37:45,F,AGENT,000365709222,C33759,2012-11-19
2014-03-24,1707,FB,MGA,219,6,3F,2014-03-24 02:37:58,I,WEB,000407811114,717F07,2014-03-22
2013-03-14,7278,FB,SYD,482,16,4C,2013-03-14 00:01:16,F,AGENT,000365709222,D7B7B0,2013-03-05
2012-11-21,4479,FB,ORD,295,9,1A,2012-11-21 03:44:06,F,AGENT,000365709222,572C09,2012-11-17
2013-03-14,7285,FB,CID,14,5,18C,2013-03-14 18:10:34,G,WEB,000990013836,03A562,2012-12-05
2014-06-01,4255,FB,EWR,297,27,1K,2014-06-01 13:05:36,F,AGENT,000365709222,F6DB8C,2014-05-23
2013-03-04,4145,FB,ORD,136,4,21F,2013-03-03 14:29:07,Q,WEB,000950169665,6742A4,2013-02-26
2012-04-19,2060,FB,ORD,3,18,21A,2012-04-19 17:25:43,Q,WEB,000407811114,0900B9,2012-02-23
2013-08-08,8576,FB,LGA,433,21,12F,2013-08-07 21:20:22,Y,AGENT,000950169665,4176A4,2013-07-24
2012-11-29,7663,FB,IAH,409,13,10J,2012-11-29 03:31:20,R,WEB,000950169665,78C1F5,2012-10-19
2012-03-21,4106,FB,NRT,804,3,1C,2012-03-20 16:27:27,F,AGENT,000365709222,4B5E26,2012-03-19
2013-05-12,1942,FB,JFK,105,0,1A,2013-05-11 17:15:47,F,AGENT,000365709222,441F1B,2013-05-06
2012-11-02,9411,FB,NRT,976,5,2K,2012-10-31 19:49:19,F,AGENT,000365709222,6CC4EF,2012-09-21
2013-10-20,5206,FB,ORD,178,22,1B,2013-10-20 13:31:34,F,eService,000365709222,167F82,2013-09-25
2014-04-20,1370,FB,EWR,403,25,1E,2014-04-20 20:29:45,F,AGENT,000365709222,4CC71C,2014-04-13
2013-02-07,3025,FB,LGA,212,18,11E,2013-02-07 14:27:05,L,WEB,000025063186,14C279,2013-01-08
2013-01-01,1546,FB,NRT,155,23,4C,2012-12-31 21:40:27,F,AGENT,000365709222,C268B9,2012-07-05
2014-04-17,7928,FB,ORD,220,4,1A,2014-04-17 15:52:06,F,AGENT,000365709222,FA8770,2014-04-15
2012-12-25,8664,FB,EWR,25,26,1B,2012-12-25 13:02:45,F,eService,000365709222,C268B9,2012-07-05
2013-01-30,2308,FB,ORD,42,3,1A,2013-01-30 19:33:44,F,AGENT,000365709222,3B3E39,2013-01-01
2012-06-05,4806,FB,EWR,69,12,1E,2012-06-05 12:23:29,J,eService,000365709222,FFEFDB,2012-03-19
2013-03-20,4324,FB,IAD,249,17,1C,2013-03-20 17:07:38,F,WEB,000365709222,108084,2013-03-10
2014-07-13,7966,FB,SFO,397,8,1K,2014-07-13 03:32:44,F,AGENT,000365709222,FE6584,2014-07-03
2012-04-16,9761,FB,LHR,391,21,2A,2012-04-16 10:57:43,F,AGENT,000365709222,03CC76,2012-04-15
2013-07-10,9557,FB,MBS,123,8,8C,2013-07-10 18:27:11,Y,WEB,000365709222,C584BE,2013-07-09
2013-04-27,3108,FB,LAX,45,24,4A,2013-04-27 23:09:03,F,AGENT,000365709222,07C853,2013-01-15
2014-07-17,9557,FB,MBS,55,7,2B,2014-07-17 18:52:51,Y,AGENT,000365709222,3033EB,2014-07-04
2012-10-01,3393,FB,ORD,114,7,27F,2012-09-30 14:01:24,L,WEB,000950169665,B7B50F,2012-08-15
2013-07-28,9337,FB,TPA,149,13,1B,2013-07-28 11:53:11,F,WEB,000365709222,D44E2C,2013-07-18
2013-01-07,8775,FB,LAX,223,13,3F,2013-01-08 02:19:17,F,AGENT,000365709222,4A8E3B,2012-12-14
2013-11-23,7832,FB,EWR,126,7,2C,2013-11-23 16:09:44,F,WEB,000365709222,9ECC2F,2013-11-20
2012-04-06,8409,FB,EWR,211,17,3A,2012-04-06 11:31:30,F,eService,000365709222,443A37,2012-04-05
2012-10-27,3108,FB,SYD,620,40,7C,2012-10-26 04:36:34,J,AGENT,000365709222,46F5A5,2012-10-25
2012-03-05,3322,FB,EWR,216,10,1A,2012-03-05 14:25:28,F,AGENT,000365709222,50EBD3,2012-03-04
2013-02-27,9467,FB,IAH,429,12,4F,2013-02-26 23:41:40,R,WEB,000950169665,C1D31E,2013-02-13
2014-03-18,8143,FB,ORD,407,16,1E,2014-03-18 18:45:58,F,WEB,000365709222,4A25E2,2014-03-18
2013-06-14,9536,FB,FRA,566,1,8A,2013-06-13 08:47:01,R,AGENT,000950169665,30441A,2013-02-03
2013-05-10,4148,FB,SFO,496,31,4C,2013-05-10 18:08:14,F,AGENT,000365709222,1CBD37,2013-05-06
2013-07-08,7035,FB,YVR,293,9,31F,2013-07-08 04:18:41,YN,WEB,000407811114,5F3804,2013-07-08
2012-03-25,5935,FB,EWR,73,4,5C,2012-03-25 17:34:34,Y,AGENT,000365709222,45A0A5,2012-03-22
2013-03-18,7646,FB,ORD,45,1,5F,2013-03-17 12:11:32,Q,WEB,000950169665,981769,2013-03-05
2013-10-17,1383,FB,DEN,413,4,1A,2013-10-16 13:06:28,F,WEB,000365709222,6C5245,2013-10-11
2013-05-08,7337,FB,DEN,374,22,1E,2013-05-08 14:15:37,F,AGENT,000365709222,3C1C78,2013-05-07
2014-07-25,5678,FB,ORD,154,3,1F,2014-07-25 02:41:05,F,AGENT,000365709222,F8AD06,2014-07-16
2012-03-28,3993,FB,ORD,28,5,12A,2012-03-29 00:03:00,Y,AGENT,000365709222,C42BC3,2012-03-09
2013-11-27,4778,FB,EWR,203,16,6A,2013-11-27 13:07:38,F,eService,000365709222,02A6A6,2013-01-12
2012-09-12,1835,FB,EWR,677,42,25C,2012-09-12 21:12:06,Y,AGENT,000950169665,5A6A24,2012-06-12
2013-10-03,2950,FB,SFO,120,8,9B,2013-10-02 23:30:12,T,WEB,000950169665,56E8C0,2013-09-12
2013-04-29,7278,FB,SYD,224,3,4A,2013-04-28 04:21:59,A,AGENT,000365709222,A24154,2013-03-28
2013-10-20,1478,FB,CLE,198,12,3F,2013-10-20 13:31:34,Y,eService,000365709222,167F82,2013-09-25
2012-10-25,3108,FB,LAX,620,40,7C,2012-10-26 04:36:34,J,AGENT,000365709222,46F5A5,2012-10-25
2012-09-03,3108,FB,LAX,57,27,3C,2012-09-04 01:26:38,F,AGENT,000365709222,BDD485,2012-04-10
2014-06-27,9797,FB,ORD,41,2,7A,2014-06-26 16:45:48,Q,WEB,000950169665,26F5B1,2014-03-20
2012-04-21,2871,FB,ORD,170,14,2A,2012-04-21 15:15:03,F,AGENT,000365709222,45A43E,2012-04-18
2014-07-20,5508,FB,GVA,138,7,1A,2014-07-19 20:29:15,F,AGENT,000365709222,919DC8,2014-06-11
2012-06-11,3273,FB,IAD,255,8,1E,2012-06-10 18:49:16,F,AGENT,000365709222,FFA25B,2012-02-21
2013-05-03,9824,FB,ZIH,62,2,6B,2013-05-03 05:34:45,X,WEB,000407811114,F73621,2013-02-06
2012-12-25,2117,FB,LAS,185,0,2A,2012-12-24 14:16:16,P,WEB,000809758842,A42821,2012-11-18
2014-02-06,9557,FB,MBS,118,7,3A,2014-02-06 19:18:07,Y,AGENT,000365709222,A87FBD,2014-02-05
2013-04-18,5407,FB,ORD,147,12,1D,2013-04-18 19:20:30,F,AGENT,000365709222,D16E4E,2013-04-18
2012-08-23,7340,FB,ORD,284,26,25B,2012-08-23 21:25:12,XN,eService,000407811114,956F83,2012-08-22
2012-05-05,1253,FB,ORD,300,9,37D,2012-05-04 17:59:42,S,WEB,000950169665,354D40,2012-04-20
2014-04-24,2308,FB,ORD,149,4,2C,2014-04-24 15:56:32,F,WEB,000365709222,FC0699,2014-04-13
2013-12-23,5774,FB,ORD,61,1,4A,2013-12-22 19:07:09,H,WEB,000950169665,0D51D2,2013-10-17
2012-04-23,9121,FB,ORD,164,15,29A,2012-04-22 23:08:32,Q,WEB,000950169665,D468C9,2012-03-30
2013-04-29,3108,FB,SYD,45,24,4A,2013-04-27 23:09:03,F,AGENT,000365709222,07C853,2013-01-15
2014-06-03,8843,FB,LGA,128,4,10C,2014-06-02 19:50:11,E,WEB,000134299922,480241,2014-05-30
2013-10-21,2950,FB,SFO,117,1,2E,2013-10-20 23:26:23,R,WEB,000499804303,D03177,2013-09-30
2014-07-17,5581,FB,ORD,190,3,7A,2014-07-17 00:02:20,E,WEB,000134299922,7A1DBF,2014-07-14
2013-07-21,8113,FB,ORD,59,5,8B,2013-07-21 17:15:30,Y,AGENT,000365709222,C7AD2F,2013-07-10
2014-04-11,2608,FB,ORD,102,4,18D,2014-04-11 00:57:26,U,WEB,000950169665,D77395,2014-03-21
2014-03-24,8751,FB,EWR,91,6,2D,2014-03-24 14:16:28,F,AGENT,000365709222,AFD6CA,2014-03-23
2014-03-24,9784,FB,IAH,213,12,30C,2014-03-24 22:01:04,Y,AGENT,000407811114,717F07,2014-03-22
2012-09-03,8091,FB,EWR,11,2,1A,2012-09-03 12:50:57,F,AGENT,000365709222,1F7009,2012-08-06
2012-12-19,6206,FB,IAH,401,24,20E,2012-12-19 22:21:24,Q,WEB,000950169665,E01DC5,2012-11-12
2014-06-09,5787,FB,ORD,224,29,23E,2014-06-09 23:33:29,U,eService,000876964176,A10AEB,2014-06-05
2013-03-07,3170,FB,ORD,570,47,1C,2013-03-07 17:47:29,F,AGENT,000365709222,8BAB04,2013-02-28
2012-11-27,2996,FB,PHX,68,8,1B,2012-11-28 01:39:30,Y,eService,000365709222,81B5ED,2012-11-16
2014-03-31,5899,FB,ORD,89,6,8B,2014-03-31 10:14:09,Y,AGENT,000365709222,8722D0,2014-03-30
2012-11-11,2017,FB,EWR,201,10,4B,2012-11-11 13:56:17,F,AGENT,000365709222,C0BF15,2012-11-07
2013-02-02,2680,FB,PHX,177,7,1E,2013-02-01 22:24:54,F,eService,000365709222,8B698F,2013-01-16
2012-03-30,3662,FB,CRW,31,4,2A,2012-03-30 18:01:30,Y,eService,000365709222,F3EAD5,2012-03-09
2013-11-29,5662,FB,IAH,86,1,2A,2013-11-28 21:08:36,R,AGENT,000950169665,3E6673,2013-10-03
2013-08-14,5899,FB,MBS,82,6,2B,2013-08-14 11:49:01,Y,AGENT,000365709222,2C1C17,2013-08-13
2013-10-07,9618,FB,LHR,236,3,2A,2013-10-06 18:05:20,F,AGENT,000365709222,034C7D,2013-10-05
2012-06-20,3854,FB,EWR,11,0,1E,2012-06-18 23:43:12,F,AGENT,000365709222,FFEFDB,2012-03-19
2014-04-11,8854,FB,CLE,358,26,1B,2014-04-11 18:03:41,F,AGENT,000365709222,4CC1CA,2014-03-27
2012-03-08,5769,FB,MBS,218,2,9C,2012-03-08 00:52:39,Y,AGENT,000365709222,70EF43,2012-03-07
2012-08-21,1217,FB,LAX,188,9,3F,2012-08-21 17:42:55,F,AGENT,000365709222,A3E360,2012-08-15
2013-06-16,2843,FB,ORD,659,41,2B,2013-06-16 21:45:43,F,AGENT,000365709222,565B38,2013-06-15
2014-06-07,8627,FB,ORF,118,7,2C,2014-06-07 11:28:16,M,AGENT,000365709222,4F4716,2014-06-06
2014-01-10,7278,FB,SYD,605,0,1A,2014-01-08 23:05:59,F,eService,000365709222,747D9B,2014-01-07
2013-05-27,9432,FB,EWR,423,22,1A,2013-05-27 04:17:25,F,AGENT,000365709222,D324B1,2013-05-20
2013-04-26,5537,FB,ORD,111,6,1A,2013-04-26 14:27:56,F,AGENT,000365709222,51C129,2013-04-26
2013-02-24,6518,FB,AUS,325,14,10B,2013-02-24 01:12:19,S,WEB,000407811114,064550,2013-02-05
2013-03-14,8596,FB,LAX,544,16,4E,2013-03-14 00:01:16,F,AGENT,000365709222,D7B7B0,2013-03-05
2012-05-19,9761,FB,LHR,230,4,1K,2012-05-18 22:35:37,F,AGENT,000365709222,8018F7,2012-05-17
2014-07-26,6951,FB,JFK,176,11,6B,2014-07-26 13:37:15,C,AGENT,000365709222,86AC1D,2014-07-24
2012-12-16,7128,FB,EWR,40,4,1B,2012-12-16 11:36:08,F,eService,000365709222,7C3AAE,2012-11-19
2012-03-11,3108,FB,SYD,545,8,1A,2012-03-09 19:46:11,F,AGENT,000365709222,2440B0,2012-03-04
2012-04-20,2280,FB,MSY,180,13,3A,2012-04-20 21:43:21,Y,eService,000365709222,45A43E,2012-04-18
2012-09-27,7515,FB,SFO,158,6,3C,2012-09-28 02:01:36,F,WEB,000365709222,A84F8C,2012-09-27
2013-01-03,9618,FB,LHR,166,6,1K,2013-01-02 15:15:58,F,AGENT,000365709222,871E97,2012-12-08
2013-02-22,1501,FB,ORD,205,11,12B,2013-02-21 19:33:52,K,WEB,000407811114,064550,2013-02-05
2014-01-17,7550,FB,ORD,90,5,21A,2014-01-17 00:46:14,L,WEB,000950169665,165141,2013-11-24
2012-10-04,1694,FB,LAX,184,0,1F,2012-10-02 20:06:07,F,AGENT,000365709222,79589F,2012-09-27
2013-12-12,2215,FB,ORD,31,7,1A,2013-12-12 23:37:10,F,AGENT,000365709222,F7F96F,2013-11-18
2012-03-27,3233,FB,CRW,15,4,1A,2012-03-27 22:43:56,Y,AGENT,000365709222,C42BC3,2012-03-09
2013-10-31,1441,FB,ORD,68,8,1D,2013-10-31 16:33:00,F,AGENT,000365709222,BD6754,2013-10-01
2012-10-07,7642,FB,EWR,561,31,2B,2012-10-07 16:16:25,R,AGENT,000365709222,7F7F7F,2012-10-05
2012-08-23,6546,FB,IAH,235,15,20A,2012-08-22 22:12:34,S,WEB,000950169665,07F09D,2012-08-09
2014-02-27,2601,FB,ORD,140,8,1E,2014-02-27 12:45:45,F,AGENT,000365709222,C43562,2014-02-26
2013-10-04,5678,FB,ORD,86,5,2B,2013-10-04 03:28:32,F,AGENT,000365709222,C31E54,2013-10-03
2012-12-11,3475,FB,ORD,316,21,2K,2012-12-11 17:35:23,F,AGENT,000365709222,B9E51C,2012-12-10
2014-03-16,4778,FB,EWR,257,18,5D,2014-03-16 12:17:46,F,AGENT,000365709222,EE3AB1,2014-03-13
2012-08-20,1027,FB,ORD,310,10,30A,2012-08-19 15:58:20,H,WEB,000950169665,07F09D,2012-08-09
2012-10-13,9761,FB,LHR,127,0,8K,2012-10-12 11:21:25,Z,WEB,000950169665,3233FA,2012-08-24
2013-01-21,9071,FB,EWR,269,20,1E,2013-01-21 17:59:42,F,eService,000365709222,F3F233,2013-01-15
2014-07-31,6113,FB,ORD,171,17,1F,2014-07-31 17:22:49,F,AGENT,000365709222,658050,2014-07-16
2013-08-01,7278,FB,MEL,320,17,4C,2013-07-31 23:38:03,F,AGENT,000365709222,1C77D1,2013-07-10
2013-08-29,5133,FB,EWR,523,37,1E,2013-08-29 12:58:20,F,eService,000365709222,E6EBEA,2013-08-28
2012-05-11,3322,FB,ORD,159,5,1A,2012-05-10 21:10:18,F,WEB,000365709222,88C628,2012-05-05
2012-10-19,7934,FB,EWR,199,3,1K,2012-10-19 10:10:35,F,AGENT,000365709222,0FD25D,2012-10-12
2014-03-16,2778,FB,HNL,348,15,4D,2014-03-17 00:17:30,F,AGENT,000365709222,4AE820,2014-03-15
2012-06-06,3861,FB,TLV,55,11,1E,2012-06-05 17:15:03,J,AGENT,000365709222,088412,2012-03-18
2012-04-13,8230,FB,OGG,95,37,1A,2012-04-13 21:45:57,F,eService,000365709222,9377A7,2012-01-14
2012-05-22,9065,FB,ORD,15,5,15B,2012-05-22 12:46:41,Y,AGENT,000365709222,ED550B,2012-04-09
2014-01-03,6314,FB,GSP,103,2,18A,2014-01-02 15:30:55,H,WEB,000950169665,0D51D2,2013-10-17
2013-04-27,6733,FB,EWR,316,30,1A,2013-04-27 17:02:12,F,AGENT,000365709222,10381E,2013-04-20
2013-11-05,4112,FB,SYD,311,0,4A,2013-11-04 02:08:40,F,AGENT,000365709222,7CD6B5,2013-10-04
2013-10-14,5668,FB,ORD,338,12,3A,2013-10-14 00:50:52,R,WEB,000950169665,C14223,2013-10-04
2013-11-16,9334,FB,ORD,89,20,29E,2013-11-16 04:30:05,L,WEB,000171572471,AF4BD9,2013-07-18
2012-05-14,7337,FB,LGA,231,13,34F,2012-05-13 16:18:37,W,WEB,000950169665,26D0CA,2012-04-24
2014-04-25,1585,FB,LHR,172,7,1E,2014-04-24 15:56:32,C,WEB,000365709222,FC0699,2014-04-13
2012-11-09,8193,FB,ORD,266,7,3A,2012-11-09 12:23:16,F,AGENT,000365709222,905550,2012-11-06
2014-03-18,5899,FB,ORD,77,3,2C,2014-03-17 20:31:48,Y,AGENT,000365709222,C4192C,2014-03-17
2014-07-20,6879,FB,IAD,230,20,1A,2014-07-20 20:00:22,A,AGENT,000365709222,F8AD06,2014-07-16
2014-07-24,5868,FB,DFW,73,1,10A,2014-07-23 11:54:42,B,WEB,000134299922,F3866D,2014-07-20
2014-07-30,8596,FB,MIA,222,14,3A,2014-07-30 21:25:44,A,eService,000365709222,E39A53,2014-07-16
2013-12-06,9068,FB,ORD,236,15,20A,2013-12-05 22:33:52,S,WEB,000950169665,958960,2013-11-17
2012-05-15,3046,FB,EWR,102,7,1B,2012-05-15 11:52:29,F,AGENT,000365709222,A10701,2012-04-05
2014-06-09,9557,FB,ORD,73,1,2C,2014-06-08 18:20:08,Y,WEB,000365709222,3EB1CD,2014-06-02
2014-06-29,4455,FB,SLC,87,1,7A,2014-06-28 17:12:21,W,WEB,000950169665,26F5B1,2014-03-20
2012-10-02,3108,FB,LAX,559,19,1K,2012-10-02 20:06:07,F,AGENT,000365709222,79589F,2012-09-27
2014-03-18,9557,FB,MBS,107,7,1C,2014-03-18 18:45:58,Y,WEB,000365709222,4A25E2,2014-03-18
2014-06-16,7013,FB,SFO,117,5,2F,2014-06-16 05:03:38,I,WEB,000025063186,147411,2014-06-11
2014-06-19,5899,FB,ORD,89,6,7A,2014-06-19 10:07:53,Y,AGENT,000365709222,11BC05,2014-06-18
2013-08-12,2237,FB,ORD,321,9,25D,2013-08-11 14:56:15,XN,WEB,000990013836,A26BCC,2013-08-10
2013-05-21,2219,FB,SFO,301,15,2A,2013-05-22 00:38:07,F,AGENT,000365709222,8DA5F8,2013-05-20
2013-09-08,6095,FB,ORD,552,28,1E,2013-09-08 13:58:38,F,eService,000365709222,78E775,2013-09-05
2012-10-15,8854,FB,ORD,421,15,1A,2012-10-14 20:13:25,F,eService,000365709222,E8A60F,2012-10-12
2013-12-04,3686,FB,DEN,436,2,3A,2013-12-03 20:18:24,R,WEB,000950169665,3E6673,2013-10-03
2012-09-18,8292,FB,MIA,191,4,1E,2012-09-17 13:59:56,F,WEB,000365709222,BF1E3A,2012-04-11
2013-04-14,5895,FB,DEN,523,16,4F,2013-04-13 23:45:19,R,WEB,000950169665,0A9F57,2013-03-24
2013-12-09,1143,FB,LAX,597,33,3E,2013-12-09 18:39:35,F,AGENT,000365709222,6A4511,2013-12-09
2013-10-03,9557,FB,MBS,130,9,13B,2013-10-03 20:08:27,Y,AGENT,000365709222,C2532D,2013-10-03
2014-07-07,7716,FB,LGA,243,7,34A,2014-07-06 22:48:31,E,WEB,000025063186,BEA63C,2014-07-02
2014-05-22,3262,FB,ORD,156,9,1F,2014-05-22 19:11:41,A,eService,000365709222,DA48BB,2014-05-20
2013-04-24,8281,FB,LAS,180,13,1E,2013-04-25 05:17:42,F,eService,000365709222,C45DA1,2013-04-21
2013-02-21,8384,FB,ORD,328,25,2F,2013-02-21 18:03:23,F,AGENT,000365709222,59B6ED,2013-02-15
2013-12-24,6110,FB,ORD,230,1,2B,2013-12-23 16:48:24,F,WEB,000365709222,90D481,2013-12-18
2014-03-09,2525,FB,DFW,196,11,21A,2014-03-09 20:52:22,H,WEB,000407811114,4C3D15,2014-03-09
2013-02-13,7278,FB,SYD,257,12,3H,2013-02-13 00:21:00,F,AGENT,000365709222,2906BD,2013-01-23
2013-09-30,7606,FB,ORD,183,9,9F,2013-09-29 18:00:10,W,WEB,000950169665,56E8C0,2013-09-12
2013-04-01,4489,FB,ORD,306,31,1E,2013-04-01 23:55:19,F,AGENT,000365709222,1B287A,2013-03-24
2014-06-25,8421,FB,LHR,171,7,1K,2014-06-24 21:43:51,F,AGENT,000365709222,027963,2014-06-19
2014-03-24,8773,FB,ORD,182,3,3E,2014-03-23 14:54:17,R,AGENT,000950169665,C5F140,2014-03-20
2013-09-23,8113,FB,ORD,48,3,1A,2013-09-23 14:09:04,Y,WEB,000365709222,39E37B,2013-09-18
2014-02-15,3148,FB,JFK,94,11,1E,2014-02-15 13:57:39,J,AGENT,000365709222,2E38D5,2013-11-10
2013-03-13,3108,FB,SYD,381,10,3C,2013-03-11 15:48:51,F,AGENT,000365709222,D7B7B0,2013-03-05
2013-02-22,2395,FB,IAH,231,10,34A,2013-02-21 19:33:52,K,WEB,000407811114,064550,2013-02-05
2012-11-12,3108,FB,LAX,393,23,1K,2012-11-13 03:30:42,F,AGENT,000365709222,C0BF15,2012-11-07
2014-02-27,2348,FB,LAX,317,15,3E,2014-02-27 12:45:45,F,AGENT,000365709222,C43562,2014-02-26
2014-06-17,2636,FB,MBS,53,7,1A,2014-06-17 16:08:27,Y,AGENT,000365709222,3F7DA9,2014-06-04
2012-12-20,3352,FB,HNL,462,61,1E,2012-12-21 04:21:05,F,WEB,000365709222,5C3A2B,2012-11-19
2013-12-04,4683,FB,LAX,257,9,1B,2013-12-04 00:20:33,F,AGENT,000365709222,F0AEB7,2013-11-25
2013-09-30,9557,FB,ORD,37,6,1B,2013-09-30 15:34:16,Y,AGENT,000365709222,0154CE,2013-09-06
2014-07-27,7963,FB,LAX,221,12,1E,2014-07-27 17:47:03,C,eService,000365709222,86AC1D,2014-07-24
2012-09-02,7831,FB,LAS,117,5,1A,2012-09-01 15:54:23,F,WEB,000365709222,9F34CC,2012-07-04
2013-11-01,4272,FB,ORD,33,8,1B,2013-11-01 20:16:19,F,eService,000365709222,7A7347,2013-10-01
2014-01-14,5695,FB,EWR,52,6,1B,2014-01-14 07:25:39,F,AGENT,000365709222,67C412,2013-12-31
2014-07-07,5681,FB,JFK,147,12,1A,2014-07-07 18:07:07,J,AGENT,000365709222,B019EB,2014-07-03
2013-12-04,7278,FB,MEL,789,26,2A,2013-12-04 00:20:33,F,AGENT,000365709222,F0AEB7,2013-11-25
2013-07-28,8376,FB,ORD,353,30,2A,2013-07-28 11:57:10,F,AGENT,000365709222,1C77D1,2013-07-10
2012-04-19,2299,FB,IAH,563,16,16A,2012-04-18 22:47:59,U,WEB,000950169665,0A57EA,2012-02-23
2012-09-17,3393,FB,ORD,103,6,25A,2012-09-16 15:41:55,L,WEB,000950169665,F7B43C,2012-08-15
2014-04-28,9856,FB,ORD,484,16,21F,2014-04-27 23:47:04,H,WEB,000950169665,99A772,2014-04-16
2013-04-17,7278,FB,MEL,60,5,4A,2013-04-16 21:08:02,F,WEB,000365709222,ABEDC1,2012-12-19
2013-12-22,6767,FB,SFO,403,16,10F,2013-12-22 19:07:09,H,WEB,000950169665,0D51D2,2013-10-17
2013-04-15,6307,FB,ORD,310,23,1F,2013-04-15 20:02:58,F,AGENT,000365709222,A24154,2013-03-28
2012-04-07,8511,FB,NRT,286,1,1C,2012-04-06 11:31:30,F,eService,000365709222,443A37,2012-04-05
2013-09-26,2950,FB,SFO,117,8,11A,2013-09-25 23:30:30,T,WEB,000950169665,CC423E,2013-08-30
2012-08-19,3108,FB,LAX,896,53,4K,2012-08-20 03:48:40,F,AGENT,000365709222,969ABB,2012-08-20
2013-02-01,5403,FB,EWR,97,11,1B,2013-02-01 22:24:54,F,eService,000365709222,8B698F,2013-01-16
2014-04-16,6561,FB,CUN,386,26,5A,2014-04-16 16:24:59,C,AGENT,000365709222,1A5B8C,2014-02-01
2013-06-17,7646,FB,ORD,38,5,4A,2013-06-16 19:53:59,T,WEB,000950169665,A14FCC,2013-05-26
2014-07-31,8113,FB,ORD,62,5,3C,2014-07-31 16:48:43,M,eService,000365709222,E39A53,2014-07-16
2013-12-26,1970,FB,ORD,222,4,1C,2013-12-26 16:37:59,F,AGENT,000365709222,CC7789,2013-12-18
2012-10-08,4371,FB,PHX,348,22,1E,2012-10-09 00:04:56,F,eService,000365709222,0A69C5,2012-10-06
2013-03-25,3774,FB,ORD,448,16,21F,2013-03-25 12:48:07,S,WEB,000950169665,C9228E,2013-03-13
2013-05-11,1489,FB,ORD,84,2,12C,2013-05-10 19:14:41,U,WEB,000950169665,BB0B35,2013-04-29
2012-07-05,6929,FB,ORD,37,0,8A,2012-07-05 00:34:27,T,WEB,000950169665,1A0B6C,2012-06-09
2012-04-23,1621,FB,ORD,490,28,1C,2012-04-23 19:50:27,F,AGENT,000365709222,8FD178,2012-04-23
2013-08-14,3022,FB,ORD,102,6,1E,2013-08-14 11:49:01,F,AGENT,000365709222,2C1C17,2013-08-13
2013-01-11,4808,FB,ORD,376,43,1E,2013-01-11 20:11:43,F,AGENT,000365709222,E3D5B4,2013-01-01
2013-01-06,9462,FB,EWR,487,33,1E,2013-01-06 12:59:22,F,eService,000365709222,4A8E3B,2012-12-14
2014-06-16,5899,FB,ORD,63,4,1C,2014-06-15 22:45:50,Y,AGENT,000365709222,3F7DA9,2014-06-04
2014-05-26,2358,FB,TXL,139,6,2E,2014-05-25 07:41:56,C,WEB,000365709222,EAD316,2014-04-23
2013-12-15,3017,FB,ORD,201,15,1K,2013-12-16 00:57:52,F,AGENT,000365709222,8EFBD0,2013-12-14
2012-12-26,4272,FB,ORD,709,44,5F,2012-12-26 16:58:11,F,AGENT,000950169665,9D9631,2012-11-04
2013-03-11,3317,FB,ORD,335,11,3A,2013-03-10 18:56:48,R,WEB,000950169665,A74ADE,2013-02-26
2013-08-05,7646,FB,ORD,97,1,5A,2013-08-04 12:46:29,H,WEB,000950169665,4176A4,2013-07-24
2014-02-12,5111,FB,KOA,172,18,5B,2014-02-13 07:35:07,F,AGENT,000365709222,C60D22,2014-01-30
2013-04-27,4516,FB,LAS,72,33,1A,2013-04-27 23:09:03,F,AGENT,000365709222,07C853,2013-01-15
2013-02-15,3702,FB,EWR,54,24,1A,2013-02-15 17:42:21,F,WEB,000365709222,D106A1,2012-12-02
2014-04-03,9557,FB,MBS,78,3,11C,2014-04-02 21:21:00,Y,WEB,000365709222,0202CE,2014-03-30
2012-12-27,6291,FB,EWR,75,3,24F,2012-12-27 11:54:45,V,eService,000990013836,AAE85F,2012-10-02
2014-01-10,9958,FB,LAX,362,10,7B,2014-01-10 01:19:12,J,WEB,000365709222,FAF680,2014-01-07
2014-01-30,3599,FB,PEK,212,3,1A,2014-01-29 07:35:02,F,AGENT,000365709222,81EF38,2014-01-06
2014-04-19,8828,FB,CDG,95,15,1C,2014-04-19 07:42:50,F,AGENT,000365709222,EDBB7A,2014-02-01
2014-05-18,9194,FB,ORD,348,20,2K,2014-05-18 15:37:43,F,AGENT,000365709222,E9F396,2014-05-15
2013-11-24,8837,FB,BWI,62,2,3C,2013-11-24 16:30:01,Y,WEB,000365709222,9ECC2F,2013-11-20
2013-11-12,3599,FB,PEK,159,6,1K,2013-11-11 08:46:18,F,AGENT,000365709222,0D86D2,2013-10-15
2013-10-24,4950,FB,ANC,77,2,1E,2013-10-24 04:05:58,F,WEB,000365709222,167F82,2013-09-25
2013-09-03,5899,FB,ORD,88,7,3C,2013-09-03 10:23:16,Y,AGENT,000365709222,7A23D2,2013-08-28
2012-09-12,9429,FB,ZRH,82,6,6K,2012-09-11 18:25:27,R,AGENT,000950169665,5A6A24,2012-06-12
2012-08-02,5687,FB,EWR,100,19,1K,2012-08-02 19:46:30,J,AGENT,000365709222,2E7320,2012-03-25
2012-07-29,2363,FB,TPA,297,17,1B,2012-07-29 09:16:09,F,AGENT,000365709222,2ECE46,2012-07-19
2012-06-14,7278,FB,MEL,296,21,3C,2012-06-14 00:19:35,F,AGENT,000365709222,2753C0,2012-02-21
2013-07-07,9350,FB,BKK,1029,26,1C,2013-07-06 21:28:26,F,AGENT,000365709222,7DEC95,2013-07-05
2013-08-03,7278,FB,SYD,371,40,4C,2013-08-03 02:01:36,F,AGENT,000365709222,1C77D1,2013-07-10
2012-03-19,3268,FB,EWR,280,20,1A,2012-03-19 12:15:01,F,eService,000365709222,A24B1F,2012-03-17
2014-07-26,5243,FB,SEA,127,14,31E,2014-07-26 12:02:41,YN,eService,000165855849,F82BEA,2014-06-11
2014-03-17,6037,FB,LAX,452,12,1E,2014-03-17 20:31:48,A,AGENT,000365709222,C4192C,2014-03-17
2012-11-25,4662,FB,PHX,109,11,35F,2012-11-25 17:04:42,YN,WEB,000407811114,F291D4,2012-10-01
2012-04-15,3274,FB,EWR,451,33,1B,2012-04-15 11:46:22,F,eService,000365709222,D4A614,2012-04-09
2014-02-16,5765,FB,JAC,191,9,2A,2014-02-15 22:25:42,RN,WEB,000950169665,19E4D0,2013-08-13
2013-05-22,6821,FB,IAD,129,2,2F,2013-05-22 00:38:07,F,AGENT,000365709222,8DA5F8,2013-05-20
2014-05-08,2636,FB,MBS,81,5,1A,2014-05-08 14:40:34,Y,AGENT,000365709222,3ADC21,2014-05-07
2014-07-29,4470,FB,SFO,236,16,35A,2014-07-29 17:01:02,L,eService,000876964176,A10AEB,2014-06-05
2013-09-27,3440,FB,ORD,111,0,1B,2013-09-26 13:01:55,F,WEB,000365709222,39E37B,2013-09-18
2012-03-29,6178,FB,IAH,459,9,8A,2012-03-28 15:34:46,Q,WEB,000950169665,362CF1,2012-01-31
2013-06-08,4806,FB,EWR,55,19,8E,2013-06-08 16:28:31,C,AGENT,000365709222,95253D,2013-02-20
2012-07-07,1239,FB,BKK,200,26,1C,2012-07-06 21:30:12,F,AGENT,000365709222,365FD3,2012-04-16
2013-04-30,5268,FB,LAX,157,11,1C,2013-05-01 04:39:21,F,AGENT,000365709222,8508B1,2013-04-28
2012-10-11,2950,FB,SFO,129,0,1E,2012-10-10 00:22:01,F,AGENT,000365709222,958A13,2012-10-06
2012-03-08,2308,FB,ORD,385,23,1A,2012-03-08 19:28:26,F,AGENT,000365709222,70FDF2,2012-03-07
2013-07-17,9966,FB,ORD,468,25,1A,2013-07-17 18:46:29,F,WEB,000365709222,452C95,2013-07-16
2012-03-09,9618,FB,LHR,327,10,1A,2012-03-09 08:12:10,F,AGENT,000365709222,70FDF2,2012-03-07
2014-05-08,7127,FB,ORD,198,13,1K,2014-05-08 18:20:25,F,AGENT,000365709222,2136EB,2014-05-07
2013-07-21,9342,FB,EWR,222,21,1B,2013-07-21 17:15:30,F,AGENT,000365709222,C7AD2F,2013-07-10
2013-03-28,6095,FB,BOS,494,44,1E,2013-03-28 20:11:42,F,AGENT,000365709222,CE04C3,2013-03-24
2013-07-10,7486,FB,DEN,256,12,1E,2013-07-10 23:24:51,F,AGENT,000365709222,1A3F2F,2013-07-09
2012-08-30,9488,FB,LAX,39,1,1C,2012-08-30 04:31:15,F,WEB,000365709222,9F34CC,2012-07-04
2012-06-18,1891,FB,ORD,365,17,29A,2012-06-17 22:23:33,W,WEB,000950169665,6D35A9,2012-05-30
2014-04-29,3996,FB,CLE,124,9,4A,2014-04-29 22:40:10,Y,AGENT,000365709222,405C2B,2014-04-24
2012-11-28,6165,FB,LAX,164,14,1B,2012-11-28 16:09:16,F,AGENT,000365709222,81B5ED,2012-11-16
2013-01-30,9618,FB,LHR,34,1,1A,2013-01-29 22:52:50,F,AGENT,000365709222,5A250A,2013-01-01
2013-03-11,5068,FB,EWR,46,6,1A,2013-03-11 11:53:08,F,eService,000365709222,6B7D90,2013-03-01
2013-05-05,6178,FB,EWR,696,35,1A,2013-05-05 19:34:13,F,eService,000365709222,76626B,2013-05-05
2013-06-01,8159,FB,ORD,74,7,2A,2013-06-01 14:14:13,F,AGENT,000365709222,30049E,2013-05-23
2014-02-10,4841,FB,ORD,116,2,24A,2014-02-09 17:04:33,E,WEB,000950169665,B585E6,2014-02-07
2014-05-30,2068,FB,EWR,128,13,1A,2014-05-30 20:01:49,F,AGENT,000365709222,181A3E,2014-05-15
2013-07-28,3108,FB,LAX,329,6,4C,2013-07-28 11:57:10,F,AGENT,000365709222,1C77D1,2013-07-10
2013-03-21,1370,FB,LGA,459,27,10F,2013-03-21 20:26:20,S,WEB,000950169665,981769,2013-03-05
2013-09-16,7165,FB,DEN,292,25,4E,2013-09-16 18:31:34,F,AGENT,000365709222,082712,2013-09-06
2012-05-16,9411,FB,ORD,863,3,4A,2012-05-15 18:30:41,F,AGENT,000365709222,026A7C,2012-05-14
2013-01-27,6890,FB,LAS,103,9,2E,2013-01-26 18:11:18,F,WEB,000365709222,1A30C1,2012-11-30
2012-04-24,9769,FB,CDG,469,7,1C,2012-04-23 19:50:27,F,AGENT,000365709222,8FD178,2012-04-23
2013-11-20,8113,FB,MBS,75,4,1B,2013-11-20 23:58:05,Y,AGENT,000365709222,302EAF,2013-11-20
2014-02-19,8113,FB,ORD,59,3,1C,2014-02-19 11:11:14,Y,AGENT,000365709222,C53913,2014-02-14
2013-11-17,5351,FB,EWR,152,7,1A,2013-11-17 14:52:00,F,eService,000365709222,86CB7B,2013-11-16
2012-11-26,4421,FB,EWR,147,12,1E,2012-11-26 17:06:04,F,eService,000365709222,A14980,2012-11-09
2013-07-15,5899,FB,ORD,123,6,3B,2013-07-15 10:37:58,M,AGENT,000365709222,86C3DC,2013-07-14
2014-04-06,9031,FB,AUS,29,2,2A,2014-04-05 20:46:42,Z,WEB,000950169665,35EAB5,2014-01-21
2012-04-16,9824,FB,GSP,8,3,14A,2012-04-15 20:47:29,Q,WEB,000950169665,0A57EA,2012-02-23
2013-03-07,4410,FB,LGA,420,20,12F,2013-03-07 18:55:00,S,WEB,000950169665,6742A4,2013-02-26
2012-03-08,3817,FB,IAH,8,3,10F,2012-03-07 23:00:55,Q,WEB,000950169665,47420C,2012-01-31
2013-02-04,6879,FB,ORD,492,10,3A,2013-02-03 21:58:07,R,AGENT,000950169665,394CC9,2013-01-22
2012-03-11,3888,FB,LAX,454,13,3B,2012-03-11 01:39:30,F,AGENT,000365709222,2440B0,2012-03-04
2014-03-09,8282,FB,EWR,444,27,3A,2014-03-09 11:33:03,F,AGENT,000365709222,A053A1,2014-03-08
2014-02-23,8456,FB,EWR,162,5,1E,2014-02-23 15:10:19,F,AGENT,000365709222,E99BC3,2014-02-10
2014-06-09,9618,FB,LHR,99,3,1K,2014-06-08 20:12:22,F,AGENT,000365709222,147317,2014-06-02
2013-05-02,7716,FB,LGA,11,6,8F,2013-05-01 22:04:35,W,WEB,000950169665,743DC9,2013-04-01
2014-03-12,6754,FB,ORD,145,6,20C,2014-03-12 21:14:58,Y,AGENT,000365709222,C4960F,2014-03-08
2014-01-20,2567,FB,LAS,186,6,4B,2014-01-19 16:05:39,F,WEB,000365709222,C762DD,2013-11-30
2014-04-17,9071,FB,EWR,435,29,4A,2014-04-17 15:52:06,F,AGENT,000365709222,FA8770,2014-04-15
2012-09-11,1546,FB,NRT,655,53,4C,2012-09-11 06:58:47,F,AGENT,000365709222,9A6A8B,2012-09-04
2013-06-13,5618,FB,EWR,155,17,1B,2013-06-13 21:00:37,F,eService,000365709222,DD8837,2013-06-08
2013-04-13,2778,FB,HNL,88,22,1K,2013-04-14 06:54:48,F,eService,000365709222,129B49,2013-01-21
2012-07-07,7948,FB,ORD,295,9,2A,2012-07-06 21:30:12,F,AGENT,000365709222,365FD3,2012-04-16
2013-06-03,5775,FB,ORD,199,21,6A,2013-06-03 21:41:55,R,AGENT,000950169665,30441A,2013-02-03
2012-12-22,9766,FB,ORD,271,26,1A,2012-12-22 14:51:33,P,WEB,000809758842,A42821,2012-11-18
2013-07-30,3108,FB,SYD,329,6,4C,2013-07-28 11:57:10,F,AGENT,000365709222,1C77D1,2013-07-10
2014-03-09,9975,FB,SFO,337,8,2K,2014-03-09 11:33:03,F,AGENT,000365709222,A053A1,2014-03-08
2012-05-20,3500,FB,ORD,137,11,1E,2012-05-20 16:07:56,F,AGENT,000365709222,A10701,2012-04-05
2014-05-07,5376,FB,RDU,135,18,1F,2014-05-07 22:00:02,F,AGENT,000365709222,317C54,2014-04-22
2012-03-17,8833,FB,DXB,787,29,2C,2012-03-16 17:59:32,F,AGENT,000365709222,C29564,2012-03-09
2014-02-07,8147,FB,ORD,301,10,1E,2014-02-06 19:18:07,F,AGENT,000365709222,A87FBD,2014-02-05
2012-11-26,3960,FB,ORD,168,1,10A,2012-11-25 14:39:33,W,WEB,000950169665,78C1F5,2012-10-19
2014-04-13,7521,FB,GSP,48,2,5A,2014-04-12 20:58:19,Q,WEB,000950169665,D77395,2014-03-21
2014-07-13,4112,FB,SYD,226,13,2H,2014-07-13 02:11:56,A,AGENT,000365709222,3CE845,2014-07-03
2012-11-20,8659,FB,MSO,111,2,1C,2012-11-19 19:55:33,F,WEB,000365709222,1C4BC1,2012-11-05
2013-07-08,9557,FB,ORD,63,2,1B,2013-07-07 21:03:46,Y,eService,000365709222,13AEFA,2013-06-25
2012-08-19,5407,FB,MSY,102,8,1D,2012-08-19 09:18:06,F,AGENT,000365709222,73DEC0,2012-07-29
2013-03-24,8740,FB,EWR,267,27,1B,2013-03-24 21:46:14,F,eService,000365709222,8795FF,2013-03-21
2012-07-26,3170,FB,IAD,491,40,1A,2012-07-26 16:37:20,F,AGENT,000365709222,F4D472,2012-07-24
2014-06-15,4226,FB,ORD,184,13,1B,2014-06-15 16:38:10,F,AGENT,000365709222,8E8D9C,2014-06-04
2012-12-05,7278,FB,MEL,396,23,4C,2012-12-05 00:28:06,F,AGENT,000365709222,5B20C9,2012-11-05
2012-04-29,9411,FB,ORD,835,35,4C,2012-04-29 16:14:30,F,AGENT,000365709222,612683,2012-04-28
2012-10-10,3108,FB,SYD,579,29,4A,2012-10-09 00:04:56,F,eService,000365709222,0A69C5,2012-10-06
2013-04-30,7932,FB,SFO,164,12,1A,2013-04-30 11:11:49,F,AGENT,000365709222,225ED8,2013-04-13
2012-11-12,9170,FB,ORD,183,7,8E,2012-11-11 14:30:33,E,WEB,000950169665,6C9133,2012-10-27
2014-04-24,9557,FB,MBS,63,6,1B,2014-04-24 15:56:32,Y,WEB,000365709222,FC0699,2014-04-13
2014-04-04,5493,FB,ORD,19,5,2A,2014-04-03 19:08:53,P,WEB,000950169665,35EAB5,2014-01-21
2012-11-16,4949,FB,ORD,224,12,3B,2012-11-16 17:07:31,F,AGENT,000365709222,FB5BA9,2012-11-16
2013-06-10,2764,FB,IAD,13,3,12A,2013-06-10 13:13:45,Y,AGENT,000365709222,8D321A,2012-12-11
2014-06-08,7127,FB,ORD,196,12,1A,2014-06-08 16:19:00,F,AGENT,000365709222,147317,2014-06-02
2013-04-17,3108,FB,SYD,563,17,1A,2013-04-15 20:07:45,A,AGENT,000365709222,A24154,2013-03-28
2012-11-01,3001,FB,LAX,610,4,1C,2012-10-31 19:49:19,F,AGENT,000365709222,6CC4EF,2012-09-21
2012-05-12,7361,FB,ORD,60,6,26F,2012-05-12 04:44:27,L,WEB,000950169665,82644F,2012-04-20
2012-12-26,3720,FB,GSP,84,5,9B,2012-12-26 16:58:11,Y,AGENT,000950169665,9D9631,2012-11-04
2012-03-26,1977,FB,GSP,6,1,14A,2012-03-25 20:36:38,Q,WEB,000950169665,362CF1,2012-01-31
2012-11-14,7278,FB,MEL,374,2,3K,2012-11-13 03:30:42,F,AGENT,000365709222,C0BF15,2012-11-07
2013-01-17,4218,FB,IAH,137,12,8F,2013-01-17 03:34:44,V,WEB,000950169665,5A1D77,2012-12-13
2012-11-03,1546,FB,BKK,630,30,2C,2012-11-02 22:55:17,F,AGENT,000365709222,C9FC3F,2012-09-21
2013-06-28,7771,FB,EWR,197,1,2C,2013-06-27 19:05:50,F,AGENT,000365709222,95253D,2013-02-20
2012-09-15,2136,FB,EWR,94,14,1E,2012-09-15 11:29:05,F,eService,000365709222,BF1E3A,2012-04-11
2012-06-05,2312,FB,MIA,54,21,1B,2012-06-05 12:23:29,F,eService,000365709222,FFEFDB,2012-03-19
2012-11-04,2309,FB,ATL,85,2,7C,2012-11-03 20:10:48,S,WEB,000407811114,7514FE,2012-10-16
2012-04-29,1901,FB,EWR,178,11,1D,2012-04-29 11:53:49,F,eService,000365709222,5862C3,2012-04-28
2014-01-08,3108,FB,LAX,680,31,1K,2014-01-08 23:05:59,F,eService,000365709222,747D9B,2014-01-07
2014-03-10,3920,FB,NRT,270,2,1K,2014-03-09 11:40:09,F,AGENT,000365709222,A053A1,2014-03-08
2012-05-18,3017,FB,ORD,261,8,1A,2012-05-18 20:06:04,F,AGENT,000365709222,8018F7,2012-05-17
2012-03-14,8687,FB,HKG,688,32,1K,2012-03-14 01:06:51,F,AGENT,000365709222,94CA60,2012-03-09
2013-12-04,7278,FB,SYD,790,26,1A,2013-12-04 00:20:33,F,AGENT,000365709222,F0AEB7,2013-11-25
2014-02-18,1181,FB,SFO,17,2,1B,2014-02-17 18:48:41,J,WEB,000365709222,2E38D5,2013-11-10
2012-04-13,5756,FB,LAX,115,28,1A,2012-04-13 21:45:57,F,eService,000365709222,9377A7,2012-01-14
2014-01-27,4954,FB,MSY,141,17,3E,2014-01-27 22:07:29,F,eService,000365709222,8CE666,2014-01-03
2013-11-22,2290,FB,FRA,322,10,1H,2013-11-21 18:35:59,F,AGENT,000365709222,097F4C,2013-11-19
2012-03-12,9156,FB,ORD,597,5,3A,2012-03-12 00:40:15,F,AGENT,000365709222,94CA60,2012-03-09
2014-05-26,5775,FB,EWR,154,17,1K,2014-05-27 00:39:40,F,AGENT,000365709222,C29515,2014-05-15
2014-07-29,1056,FB,SAN,189,19,25D,2014-07-29 17:01:02,T,eService,000876964176,A10AEB,2014-06-05
2013-02-13,5446,FB,LAX,626,29,4A,2013-02-13 16:06:55,F,AGENT,000365709222,2906BD,2013-01-23
2014-07-10,7337,FB,YYZ,205,1,21E,2014-07-09 21:02:21,M,WEB,000950169665,1A1652,2014-07-01
2014-06-05,6219,FB,ORD,347,34,1B,2014-06-05 22:23:53,F,AGENT,000365709222,60E481,2014-05-29
2013-06-21,8674,FB,ORD,217,12,1B,2013-06-22 01:23:05,F,AGENT,000365709222,D88081,2013-06-14
2012-12-25,3354,FB,IAH,12,5,17B,2012-12-25 14:59:39,L,AGENT,000165855849,B63377,2012-08-14
2013-11-30,8692,FB,SEA,421,24,2A,2013-11-30 17:08:02,IN,WEB,000499804303,2FC685,2013-11-30
2012-08-21,7278,FB,SYD,521,2,1K,2012-08-20 03:48:40,F,AGENT,000365709222,969ABB,2012-08-20
2012-12-01,3108,FB,LAX,306,10,1A,2012-12-01 18:49:03,F,AGENT,000365709222,5B20C9,2012-11-05
2012-05-22,3616,FB,EWR,45,12,1B,2012-05-22 12:37:09,F,eService,000365709222,6C3FF5,2012-04-09
2013-09-06,2339,FB,ORD,148,1,1E,2013-09-05 12:54:31,F,WEB,000365709222,7A23D2,2013-08-28
2014-04-13,2495,FB,DFW,115,10,10C,2014-04-13 19:07:05,Q,WEB,000407811114,69E5B2,2014-03-28
2012-05-10,6634,FB,IAH,190,15,23A,2012-05-10 01:51:45,H,WEB,000950169665,354D40,2012-04-20
2012-06-29,8674,FB,ORD,398,17,1E,2012-06-28 21:03:41,F,WEB,000365709222,34EB9E,2012-06-24
2012-09-18,9594,FB,EWR,364,17,2F,2012-09-18 20:11:25,F,eService,000365709222,7D803C,2012-09-18
2013-05-03,7013,FB,EWR,421,15,4B,2013-05-02 20:52:00,F,AGENT,000365709222,358D7A,2013-04-20
2012-11-29,8412,FB,OGG,216,10,1B,2012-11-29 00:11:59,F,WEB,000365709222,81B5ED,2012-11-16
2014-03-25,2864,FB,ORD,160,5,1A,2014-03-24 20:51:08,F,WEB,000365709222,AFD6CA,2014-03-23
2013-08-04,8113,FB,ORD,93,7,8B,2013-08-04 21:39:33,Y,AGENT,000365709222,DFA6B1,2013-07-23
2013-12-19,8113,FB,MBS,77,5,1B,2013-12-19 14:08:23,Y,WEB,000365709222,811ADB,2013-12-14
2013-11-03,4345,FB,SEA,342,15,1E,2013-11-03 13:35:45,F,eService,000365709222,1F621C,2013-11-01
2012-03-14,8159,FB,ORD,352,26,1E,2012-03-14 17:53:49,F,AGENT,000365709222,C29564,2012-03-09
2012-12-03,3108,FB,SYD,306,10,1A,2012-12-01 18:49:03,F,AGENT,000365709222,5B20C9,2012-11-05
2013-05-31,1802,FB,MSY,166,11,1D,2013-05-31 22:09:13,F,eService,000365709222,B9FA09,2013-05-31
2013-03-25,6966,FB,BNA,65,2,1F,2013-03-25 02:49:05,F,AGENT,000365709222,AB5939,2013-03-21
2014-01-28,4575,FB,SFO,186,35,3H,2014-01-28 18:31:08,F,AGENT,000365709222,8CE666,2014-01-03
2013-03-15,5441,FB,ORD,149,14,1A,2013-03-15 17:08:40,F,AGENT,000365709222,6E301E,2013-03-11
2012-05-08,3046,FB,EWR,172,10,1B,2012-05-08 12:03:45,F,eService,000365709222,88C628,2012-05-05
2013-05-24,3512,FB,LAX,226,8,1E,2013-05-23 22:11:53,F,AGENT,000365709222,699128,2013-05-18
2012-10-10,4112,FB,SYD,251,6,4A,2012-10-09 23:59:56,F,AGENT,000365709222,0A69C5,2012-10-06
2013-12-11,5745,FB,SFO,132,2,23B,2013-12-11 06:40:15,S,WEB,000134299922,26CA61,2013-12-04
2013-05-09,2202,FB,EWR,123,6,21A,2013-05-08 22:07:42,W,WEB,000950169665,CB6952,2013-04-01
2013-08-13,7995,FB,CLE,205,10,2A,2013-08-13 16:41:36,F,AGENT,000990013836,A26BCC,2013-08-10
2012-09-03,6975,FB,ORD,117,16,1E,2012-09-03 12:50:57,F,AGENT,000365709222,1F7009,2012-08-06
2012-06-11,3108,FB,LAX,305,41,3C,2012-06-12 03:15:20,F,AGENT,000365709222,2753C0,2012-02-21
2013-04-21,1794,FB,EWR,504,10,3B,2013-04-20 14:52:07,F,WEB,000365709222,F02D05,2013-04-19
2012-07-31,3647,FB,HKG,264,15,1A,2012-07-31 00:51:15,F,AGENT,000365709222,817E01,2012-06-29
2014-01-31,9738,FB,FRA,335,0,1A,2014-01-29 21:46:28,J,WEB,000365709222,91BBBC,2014-01-29
2012-11-09,9761,FB,LHR,137,0,20K,2012-11-08 12:06:12,M,WEB,000950169665,D38878,2012-10-28
2014-03-17,6890,FB,FLL,176,9,20F,2014-03-17 02:10:06,G,WEB,000025063186,52D953,2014-02-10
2014-06-07,8627,FB,EWR,117,6,4B,2014-06-07 11:28:07,M,AGENT,000365709222,4F4716,2014-06-06
2013-11-03,3148,FB,JFK,188,11,1B,2013-11-03 13:35:44,J,eService,000365709222,1F621C,2013-11-01
2013-12-20,3348,FB,ORD,101,8,21F,2013-12-19 16:36:04,W,WEB,000950169665,0D51D2,2013-10-17
2013-02-17,2778,FB,HNL,190,16,1K,2013-02-17 19:39:48,F,WEB,000365709222,D106A1,2012-12-02
2012-12-01,2017,FB,EWR,191,11,4A,2012-12-01 19:28:07,Y,AGENT,000365709222,5B20C9,2012-11-05
2013-02-26,7153,FB,EWR,146,12,3F,2013-02-26 21:38:10,F,eService,000365709222,6A6E46,2013-02-22
2012-12-25,9411,FB,ORD,532,31,4H,2012-12-25 13:02:45,F,eService,000365709222,C268B9,2012-07-05
2013-09-27,5899,FB,MBS,46,1,1D,2013-09-26 13:01:55,Y,WEB,000365709222,39E37B,2013-09-18
2012-06-18,8674,FB,ORD,531,33,1F,2012-06-18 20:09:42,F,AGENT,000365709222,523288,2012-03-31
2013-03-01,2059,FB,ORD,399,27,1A,2013-03-01 17:53:47,F,AGENT,000365709222,4C9397,2013-02-19
2013-12-30,9536,FB,FRA,227,12,1C,2013-12-30 03:59:34,F,AGENT,000365709222,CC7789,2013-12-18
2014-04-06,2632,FB,EWR,163,13,1A,2014-04-06 17:20:46,F,AGENT,000365709222,4CC1CA,2014-03-27
2013-09-16,4112,FB,SYD,306,4,4C,2013-09-15 20:20:13,F,AGENT,000365709222,78E775,2013-09-05
2013-08-28,4112,FB,SYD,474,27,4H,2013-08-28 02:44:08,F,AGENT,000365709222,5AB9B6,2013-06-20
2013-07-15,7646,FB,ORD,130,1,12F,2013-07-14 13:48:09,H,WEB,000950169665,0FD3C0,2013-07-10
2013-04-08,7646,FB,ORD,30,0,6F,2013-04-07 12:27:51,W,WEB,000950169665,4545A3,2013-03-24
2012-10-04,7278,FB,SYD,236,0,1A,2012-10-02 20:06:07,F,AGENT,000365709222,79589F,2012-09-27
2012-10-02,9594,FB,EWR,263,19,1A,2012-10-02 20:06:07,F,AGENT,000365709222,79589F,2012-09-27
2013-06-19,4112,FB,SYD,413,6,3C,2013-06-18 23:52:37,F,AGENT,000365709222,565B38,2013-06-15
2013-04-15,3108,FB,LAX,566,24,4H,2013-04-16 01:25:42,A,AGENT,000365709222,A24154,2013-03-28
2012-10-07,7581,FB,ORD,245,12,3A,2012-10-07 19:26:35,F,AGENT,000365709222,7F7F7F,2012-10-05
2013-09-01,6153,FB,EWR,588,35,1E,2013-09-01 17:51:43,F,AGENT,000365709222,A27F18,2013-08-31
2013-06-10,2353,FB,EWR,1,6,1A,2013-06-10 13:13:12,F,eService,000365709222,BCAD4B,2012-12-11
2014-01-20,3108,FB,LAX,341,10,1K,2014-01-20 14:49:38,F,AGENT,000365709222,81EF38,2014-01-06
2012-10-24,4431,FB,NRT,363,25,2A,2012-10-23 15:41:19,F,AGENT,000365709222,DF94FE,2012-09-17
2012-09-20,4010,FB,LAX,378,20,2B,2012-09-20 16:55:12,F,AGENT,000365709222,D9C27B,2012-09-20
2014-07-15,5826,FB,LGA,426,14,8B,2014-07-14 21:23:24,E,WEB,000134299922,7A1DBF,2014-07-14
2013-03-11,1182,FB,ORD,329,16,1A,2013-03-11 15:48:51,F,AGENT,000365709222,D7B7B0,2013-03-05
2013-08-24,8296,FB,GSP,77,2,3A,2013-08-23 20:29:51,XN,WEB,000950169665,5C13C6,2013-08-05
2014-03-17,4272,FB,EWR,379,13,2A,2014-03-17 00:17:30,F,AGENT,000365709222,4AE820,2014-03-15
2012-03-05,9609,FB,ORD,17,13,22F,2012-03-05 11:46:19,Q,eService,000950169665,47420C,2012-01-31
2014-07-31,5581,FB,ORD,224,14,12D,2014-07-31 22:49:53,E,eService,000134299922,B75402,2014-07-27
2013-05-05,5793,FB,ORD,283,7,1A,2013-05-04 14:48:43,F,WEB,000365709222,358D7A,2013-04-20
2012-11-21,9314,FB,SFO,2,40,1A,2012-11-21 18:17:20,F,eService,000365709222,2B2D09,2012-02-21
2012-08-25,2928,FB,IAD,116,27,27A,2012-08-25 16:47:32,V,eService,000950169665,5A6A24,2012-06-12
2013-10-07,7491,FB,PDX,261,14,1F,2013-10-07 16:19:13,F,WEB,000365709222,E02626,2013-10-03
2014-02-20,1129,FB,ORD,397,26,1F,2014-02-20 19:23:48,F,AGENT,000365709222,9F0699,2014-02-10
2012-12-17,9374,FB,ORD,402,10,1H,2012-12-16 15:24:05,F,AGENT,000365709222,5C3A2B,2012-11-19
2013-04-05,4090,FB,ORD,87,4,2F,2013-04-05 13:44:24,F,AGENT,000365709222,3A62D4,2013-04-03
2014-03-14,3598,FB,EWR,312,10,8A,2014-03-14 00:21:54,G,WEB,000025063186,52D953,2014-02-10
2012-09-19,4410,FB,SFO,743,42,1F,2012-09-19 22:35:36,F,AGENT,000365709222,1799B8,2012-09-02
2014-06-08,9071,FB,EWR,344,26,1E,2014-06-08 15:58:54,F,WEB,000365709222,3EB1CD,2014-06-02
2014-07-09,5826,FB,LGA,317,12,8E,2014-07-08 22:01:54,E,WEB,000134299922,408981,2014-07-08
2012-06-07,5662,FB,ORD,147,41,8C,2012-06-07 18:34:01,XN,eService,000499804303,97A216,2012-04-14
2012-11-18,5641,FB,EWR,187,6,1B,2012-11-18 15:04:44,F,WEB,000365709222,8A56C0,2012-11-16
2014-05-22,9557,FB,MBS,136,9,7A,2014-05-22 19:11:41,Y,eService,000365709222,DA48BB,2014-05-20
2013-02-27,8559,FB,IAH,606,33,1E,2013-02-27 20:35:25,F,WEB,000365709222,6A6E46,2013-02-22
2012-06-18,5957,FB,EWR,41,21,8D,2012-06-18 23:32:22,J,AGENT,000365709222,088412,2012-03-18
2013-06-18,3108,FB,SYD,518,24,4C,2013-06-16 21:49:58,F,AGENT,000365709222,565B38,2013-06-15
2013-10-07,2196,FB,DEN,88,3,2A,2013-10-07 16:19:13,F,WEB,000365709222,E02626,2013-10-03
2013-02-25,1488,FB,ORD,238,3,3F,2013-02-24 19:01:36,F,WEB,000365709222,7A05CE,2013-02-23
2013-06-19,7278,FB,MEL,490,16,4C,2013-06-18 23:52:37,F,AGENT,000365709222,565B38,2013-06-15
2013-03-22,5627,FB,IAD,46,5,9A,2013-03-22 12:03:31,Y,AGENT,000365709222,1CBCF2,2013-03-10
2012-12-30,3849,FB,SFO,271,9,2F,2012-12-29 20:10:23,R,WEB,000950169665,9D9631,2012-11-04
2014-02-04,5899,FB,ORD,41,0,1B,2014-02-03 12:19:14,M,WEB,000365709222,F2A1ED,2014-01-24
2013-03-11,6737,FB,SFO,222,4,3C,2013-03-11 15:48:51,F,AGENT,000365709222,D7B7B0,2013-03-05
2012-11-14,4112,FB,SYD,249,0,4H,2012-11-13 03:30:42,F,AGENT,000365709222,C0BF15,2012-11-07
2013-01-24,9761,FB,LHR,141,4,2C,2013-01-24 08:24:36,F,AGENT,000365709222,52AF80,2013-01-15
2012-08-24,5761,FB,MSO,95,6,8C,2012-08-24 10:41:00,Y,AGENT,000365709222,CEF74A,2012-07-22
2013-12-15,1370,FB,EWR,453,25,2E,2013-12-15 20:12:33,F,eService,000365709222,114F55,2013-12-14
2014-06-06,7012,FB,EWR,115,11,14A,2014-06-06 10:45:08,X,WEB,000499804303,E9E118,2014-05-07
2013-06-12,4806,FB,EWR,74,19,4A,2013-06-12 14:36:24,J,AGENT,000365709222,9EC7C1,2012-12-11
2013-06-30,7760,FB,NRT,585,30,1H,2013-06-29 14:41:10,F,eService,000365709222,574AFC,2013-06-08
2014-06-08,3734,FB,DCA,138,0,4A,2014-06-07 15:42:24,P,WEB,000950169665,C267CE,2014-04-22
2014-06-22,8200,FB,ORD,301,11,3F,2014-06-21 15:22:25,F,WEB,000365709222,E75F6B,2014-06-12
2013-03-20,7471,FB,ORD,432,10,1K,2013-03-19 18:15:54,F,WEB,000365709222,5958BD,2013-03-10
2013-07-10,4337,FB,ORD,386,19,1E,2013-07-10 23:28:21,F,AGENT,000365709222,C584BE,2013-07-09
2013-10-15,7153,FB,IAD,277,21,2F,2013-10-15 21:57:22,R,WEB,000950169665,C14223,2013-10-04
2014-05-07,6110,FB,IAD,283,19,1E,2014-05-07 22:00:02,F,AGENT,000365709222,317C54,2014-04-22
2014-07-28,4569,FB,EWR,149,15,3B,2014-07-28 21:00:38,A,AGENT,000365709222,1D4483,2014-07-16
2012-09-25,8600,FB,IAD,327,11,1A,2012-09-24 18:54:57,F,AGENT,000365709222,CEC8CA,2012-09-23
2014-08-01,9549,FB,ORD,114,2,9A,2014-07-31 18:56:40,M,WEB,000950169665,5AE2AA,2014-07-16
2013-12-05,5743,FB,ORD,252,16,5E,2013-12-05 11:14:04,F,WEB,000365709222,A07546,2013-11-25
2014-02-08,3273,FB,SFO,434,22,4E,2014-02-08 15:46:52,F,AGENT,000365709222,C60D22,2014-01-30
2012-06-07,4324,FB,IAD,61,1,1C,2012-06-06 23:36:45,F,AGENT,000365709222,FFA25B,2012-02-21
2014-07-24,8113,FB,MBS,119,9,3B,2014-07-24 23:57:28,Y,AGENT,000365709222,F8AD06,2014-07-16
2013-02-05,9144,FB,EWR,200,12,1E,2013-02-05 20:31:34,F,eService,000365709222,E3D5B4,2013-01-01
2012-12-27,8121,FB,DFW,174,8,4F,2012-12-27 16:05:00,W,WEB,000407811114,4A4F71,2012-12-27
2014-04-11,2270,FB,EWR,86,30,1B,2014-04-11 23:08:31,C,AGENT,000365709222,1A5B8C,2014-02-01
2013-07-17,9557,FB,MBS,116,9,3B,2013-07-17 18:46:29,Y,WEB,000365709222,452C95,2013-07-16
2013-12-16,8113,FB,ORD,61,2,1B,2013-12-16 13:14:59,Y,AGENT,000365709222,811ADB,2013-12-14
2014-05-23,9632,FB,EWR,139,2,1E,2014-05-23 02:00:25,C,WEB,000365709222,EAD316,2014-04-23
2012-07-22,7022,FB,EWR,90,11,1E,2012-07-22 10:23:21,F,AGENT,000365709222,31F32C,2012-06-13
2012-09-10,1501,FB,EWR,392,27,1B,2012-09-10 12:06:25,F,eService,000365709222,969352,2012-09-04
2014-01-20,8576,FB,SAN,262,3,3F,2014-01-19 21:40:46,PN,WEB,000950169665,165141,2013-11-24
2012-05-23,1939,FB,BNA,43,15,1C,2012-05-23 17:13:58,F,AGENT,000365709222,ED550B,2012-04-09
2013-02-24,9048,FB,EWR,493,20,1E,2013-02-24 14:54:52,F,eService,000365709222,7A05CE,2013-02-23
2014-06-15,9511,FB,SFO,119,7,1E,2014-06-15 22:45:50,F,AGENT,000365709222,3F7DA9,2014-06-04
2013-01-04,9618,FB,LHR,133,4,2A,2013-01-03 21:10:53,F,AGENT,000365709222,B101D9,2012-12-08
2013-11-26,5641,FB,ORD,157,8,12C,2013-11-26 16:47:50,Q,WEB,000407811114,ACA89E,2013-11-03
2013-05-21,7544,FB,LHR,229,3,1H,2013-05-21 00:26:25,F,AGENT,000365709222,8DA5F8,2013-05-20
2013-01-31,9618,FB,LHR,46,3,1A,2013-01-30 19:33:44,F,AGENT,000365709222,3B3E39,2013-01-01
2012-10-10,7278,FB,MEL,359,13,4A,2012-10-09 23:59:56,F,AGENT,000365709222,0A69C5,2012-10-06
2012-06-19,8172,FB,TLV,89,7,1E,2012-06-18 23:43:12,J,AGENT,000365709222,FFEFDB,2012-03-19
2012-07-24,9625,FB,ORD,80,3,12B,2012-07-23 22:02:16,Y,AGENT,000365709222,656788,2012-07-11
2012-06-21,6320,FB,ORD,506,36,1A,2012-06-21 22:15:58,J,AGENT,000365709222,D3D5D4,2012-06-20
2014-02-08,3467,FB,JFK,174,2,1F,2014-02-07 17:03:32,J,WEB,000365709222,A87FBD,2014-02-05
2012-08-01,5403,FB,SFO,34,5,1A,2012-08-01 08:17:48,F,AGENT,000365709222,E569A1,2012-06-29
2013-12-30,6493,FB,ORD,383,19,1E,2013-12-30 00:04:33,F,WEB,000365709222,694DB5,2013-12-18
2013-12-22,6612,FB,EWR,92,18,40A,2013-12-22 21:24:48,V,eService,000025063186,F0119F,2013-10-05
2014-02-13,1528,FB,SFO,328,22,1E,2014-02-13 07:35:07,F,AGENT,000365709222,C60D22,2014-01-30
2012-10-15,9354,FB,ORD,296,7,8A,2012-10-14 14:39:15,H,WEB,000950169665,5383A6,2012-10-04
2014-06-17,5058,FB,SFO,432,18,1E,2014-06-17 19:17:10,F,AGENT,000365709222,8E8D9C,2014-06-04
2012-06-21,3989,FB,IAH,343,15,31A,2012-06-20 21:58:58,H,WEB,000950169665,6D35A9,2012-05-30
2012-10-25,1239,FB,SIN,673,5,3J,2012-10-24 08:23:06,F,AGENT,000365709222,1F2EBD,2012-09-17
2012-06-22,2358,FB,AMS,194,5,1F,2012-06-21 22:15:58,J,AGENT,000365709222,D3D5D4,2012-06-20
2013-11-12,4272,FB,LAX,296,28,3E,2013-11-12 17:41:48,F,AGENT,000365709222,C1BFB3,2013-11-02
2012-10-25,4516,FB,IAD,133,32,1A,2012-10-25 20:11:50,F,AGENT,000365709222,4C4B7D,2012-09-17
2012-06-30,1211,FB,EWR,22,3,1D,2012-06-30 00:19:45,F,AGENT,000365709222,365FD3,2012-04-16
2013-06-13,3861,FB,TLV,24,10,3D,2013-06-12 14:51:40,J,WEB,000365709222,D0C25D,2012-12-11
2014-03-23,1963,FB,AMS,155,4,2C,2014-03-22 07:20:11,F,WEB,000365709222,BCDB68,2014-03-14
2013-01-29,2308,FB,ORD,34,4,1A,2013-01-29 22:52:50,F,AGENT,000365709222,5A250A,2013-01-01
2013-06-27,4806,FB,EWR,44,6,8E,2013-06-26 21:51:07,C,AGENT,000365709222,D55DB9,2013-02-20
2012-09-11,3108,FB,LAX,375,13,4C,2012-09-11 19:29:38,F,AGENT,000365709222,A2A9DB,2012-09-04
2013-05-03,9555,FB,IAH,136,10,32F,2013-05-03 05:34:45,X,WEB,000407811114,F73621,2013-02-06
2013-06-09,3861,FB,TLV,387,8,1D,2013-06-08 16:30:20,C,AGENT,000365709222,F248B5,2013-05-21
2013-10-10,6623,FB,RAP,170,10,1A,2013-10-10 17:42:54,R,eService,000365709222,E02626,2013-10-03
2012-10-17,1546,FB,NRT,491,10,1K,2012-10-16 16:44:32,F,WEB,000365709222,DF94FE,2012-09-17
2013-05-08,3171,FB,ORD,524,31,21B,2013-05-08 14:15:37,Y,AGENT,000365709222,3C1C78,2013-05-07
2012-12-13,8183,FB,IAH,435,13,3E,2012-12-13 01:43:21,R,AGENT,000950169665,A896A2,2012-10-28
2012-12-26,9411,FB,NRT,532,31,4H,2012-12-25 13:02:45,F,eService,000365709222,C268B9,2012-07-05
2013-09-08,3108,FB,LAX,516,6,4C,2013-09-08 13:58:38,F,eService,000365709222,78E775,2013-09-05
2013-01-25,6130,FB,EWR,60,11,1B,2013-01-25 21:54:50,F,eService,000365709222,1A30C1,2012-11-30
2013-07-17,6194,FB,PDX,197,6,1A,2013-07-17 20:56:53,F,AGENT,000365709222,F05B87,2013-07-16
2013-01-24,7317,FB,IAH,570,18,8B,2013-01-24 00:04:18,T,WEB,000950169665,81C861,2012-12-13
2013-02-16,2291,FB,SFO,206,6,1F,2013-02-15 17:42:21,F,WEB,000365709222,D106A1,2012-12-02
2013-09-14,1332,FB,LAX,105,3,1A,2013-09-14 01:16:58,F,AGENT,000365709222,C9A2D2,2013-09-10
2013-04-30,7544,FB,LHR,188,15,1C,2013-04-30 11:11:49,F,AGENT,000365709222,225ED8,2013-04-13
2014-03-28,3682,FB,DEN,146,17,1E,2014-03-27 21:56:32,F,AGENT,000365709222,9CC642,2014-03-02
2012-09-13,7278,FB,MEL,387,0,4C,2012-09-11 19:29:38,F,AGENT,000365709222,A2A9DB,2012-09-04
2012-07-07,1546,FB,NRT,172,22,4C,2012-07-06 21:30:12,F,AGENT,000365709222,365FD3,2012-04-16
2013-02-27,8559,FB,PHX,606,33,2F,2013-02-27 20:35:25,F,WEB,000365709222,6A6E46,2013-02-22
2014-06-13,8421,FB,LHR,262,6,1K,2014-06-12 19:12:36,F,AGENT,000365709222,80F460,2014-06-11
2012-10-17,1239,FB,SIN,306,9,2J,2012-10-16 16:44:32,F,WEB,000365709222,DF94FE,2012-09-17
2013-02-18,9863,FB,EWR,681,43,4E,2013-02-18 20:54:42,F,eService,000365709222,59B6ED,2013-02-15
2012-12-07,7994,FB,IAH,120,4,14C,2012-12-06 19:21:23,S,WEB,000950169665,AEDC81,2012-10-19
2013-11-12,3980,FB,SFO,280,25,1B,2013-11-12 17:41:48,F,AGENT,000365709222,C1BFB3,2013-11-02
2013-01-04,1916,FB,LGA,660,13,1F,2013-01-03 22:04:33,R,WEB,000950169665,D50315,2012-12-11
2013-07-25,9581,FB,EWR,234,8,3A,2013-07-25 01:32:29,F,AGENT,000365709222,D44E2C,2013-07-18
2013-05-16,7716,FB,LGA,42,6,8F,2013-05-15 22:04:53,W,WEB,000950169665,69643B,2013-04-29
2013-02-07,6561,FB,ORD,130,24,2K,2013-02-07 16:49:10,F,AGENT,000365709222,A1F930,2012-12-29
2012-11-05,5684,FB,PHX,180,5,1F,2012-11-05 01:20:46,F,AGENT,000365709222,79F997,2012-11-04
2013-08-29,9557,FB,ORD,114,8,1C,2013-08-29 12:58:20,Y,eService,000365709222,E6EBEA,2013-08-28
2012-05-04,5756,FB,LAX,327,28,1A,2012-05-05 03:42:02,F,AGENT,000365709222,D63566,2012-04-27
2012-06-20,8760,FB,IAD,582,39,1K,2012-06-20 19:13:02,F,AGENT,000365709222,341C6F,2012-06-12
2014-07-14,9761,FB,LHR,188,0,1K,2014-07-13 03:32:44,A,AGENT,000365709222,FE6584,2014-07-03
2014-06-26,8456,FB,EWR,270,15,8C,2014-06-26 11:47:57,Y,AGENT,000365709222,A6A56B,2014-04-06
2012-06-03,4010,FB,LAX,188,7,1A,2012-06-03 15:28:31,F,AGENT,000365709222,9086A2,2012-05-15
2013-01-14,3133,FB,EWR,127,14,2B,2013-01-14 13:12:32,F,eService,000365709222,3D2481,2013-01-09
2012-10-21,8740,FB,EWR,376,30,2F,2012-10-21 22:04:11,F,eService,000365709222,6D6C0C,2012-10-16
2013-04-17,9219,FB,LAX,16,5,1A,2013-04-16 21:08:02,F,WEB,000365709222,ABEDC1,2012-12-19
2013-03-14,7278,FB,MEL,303,16,3C,2013-03-14 00:01:16,F,AGENT,000365709222,D7B7B0,2013-03-05
2012-12-12,5627,FB,IAD,72,4,16B,2012-12-12 13:11:47,Y,AGENT,000365709222,B9E51C,2012-12-10
2012-04-06,9411,FB,ORD,791,16,3C,2012-04-06 11:31:30,F,eService,000365709222,443A37,2012-04-05
2013-01-23,2308,FB,ORD,68,6,1A,2013-01-23 22:43:45,F,AGENT,000365709222,52AF80,2013-01-15
2012-12-14,4272,FB,ORD,420,38,1F,2012-12-14 17:30:44,F,AGENT,000365709222,284EC8,2012-12-07
2014-02-11,4921,FB,OMA,115,4,18D,2014-02-11 01:44:53,H,WEB,000950169665,B585E6,2014-02-07
2012-11-04,5826,FB,ORD,176,11,1B,2012-11-05 01:20:46,F,AGENT,000365709222,79F997,2012-11-04
2012-08-12,5662,FB,ORD,208,8,25F,2012-08-12 02:34:09,E,WEB,000950169665,8BC09D,2012-08-08
2012-03-15,3817,FB,IAH,19,3,24F,2012-03-14 22:01:30,Q,WEB,000950169665,1DC6A4,2012-01-31
2014-03-18,3114,FB,LAX,342,12,2E,2014-03-18 18:45:58,C,WEB,000365709222,4A25E2,2014-03-18
2013-11-29,6413,FB,ORD,204,7,3F,2013-11-28 21:08:36,R,WEB,000950169665,3E6673,2013-10-03
2012-11-18,5168,FB,ORD,630,17,6A,2012-11-17 23:54:06,R,WEB,000950169665,4739E8,2012-10-19
2013-01-24,9071,FB,ORD,215,10,3B,2013-01-23 23:48:49,F,WEB,000365709222,F3F233,2013-01-15
2013-12-01,3108,FB,LAX,466,18,1A,2013-12-01 17:05:49,F,AGENT,000365709222,F0AEB7,2013-11-25
2013-02-14,6206,FB,IAH,228,10,21F,2013-02-13 22:31:01,U,WEB,000950169665,056CFE,2013-02-01
2013-04-18,5638,FB,EWR,813,50,3B,2013-04-18 13:42:35,F,AGENT,000365709222,2BF47F,2013-04-06
2012-07-19,7278,FB,MEL,389,23,4C,2012-07-19 00:01:16,F,AGENT,000365709222,C5CDC6,2012-04-15
2013-05-28,7646,FB,ORD,40,1,4F,2013-05-27 14:02:11,T,WEB,000950169665,5FD7D0,2013-05-01
2013-01-14,5351,FB,ORD,314,9,6F,2013-01-13 17:45:08,R,WEB,000950169665,81C861,2012-12-13
2014-03-11,4707,FB,HNL,381,6,1A,2014-03-11 17:01:44,F,eService,000365709222,C4960F,2014-03-08
2012-06-30,9411,FB,ORD,175,7,3C,2012-06-29 21:34:07,F,AGENT,000365709222,365FD3,2012-04-16
2013-10-11,2931,FB,PDX,389,21,1A,2013-10-11 13:28:34,F,AGENT,000365709222,7AF258,2013-10-11
2012-09-13,3108,FB,SYD,375,13,4C,2012-09-11 19:29:38,F,AGENT,000365709222,A2A9DB,2012-09-04
2012-05-16,1926,FB,IAH,354,37,2L,2012-05-16 21:15:08,D,eService,000950169665,CBA4F1,2012-05-07
2012-11-14,3108,FB,SYD,393,23,1K,2012-11-13 03:30:42,F,AGENT,000365709222,C0BF15,2012-11-07
2013-01-04,4106,FB,ORD,299,14,2A,2013-01-04 18:22:23,F,WEB,000365709222,8E82B1,2012-12-08
2014-03-21,8943,FB,IAH,244,15,20E,2014-03-21 13:27:27,K,eService,000407811114,F07176,2014-03-20
2012-09-23,4324,FB,IAD,137,15,1A,2012-09-23 19:06:58,F,AGENT,000365709222,84CE79,2012-09-04
2013-01-20,8953,FB,SLC,154,4,3A,2013-01-20 02:03:39,R,WEB,000950169665,5A1D77,2012-12-13
2013-08-11,8113,FB,ORD,62,3,8B,2013-08-11 12:49:28,Y,AGENT,000365709222,E5A576,2013-08-05
2013-02-11,6737,FB,SFO,210,11,4C,2013-02-11 20:45:49,F,AGENT,000365709222,C69F6D,2012-12-30
2013-04-09,4778,FB,EWR,113,21,1K,2013-04-09 16:11:26,F,AGENT,000365709222,129B49,2013-01-21
2013-10-13,4906,FB,MIA,206,11,17B,2013-10-13 17:08:44,L,WEB,000407811114,DF1A8E,2013-10-13
2014-07-11,4954,FB,ORD,434,28,25B,2014-07-11 21:02:59,E,eService,000134299922,408981,2014-07-08
2013-11-01,2362,FB,CID,52,11,1D,2013-11-01 20:16:19,F,eService,000365709222,7A7347,2013-10-01
2013-05-20,9179,FB,ORD,402,5,2F,2013-05-19 14:28:46,R,WEB,000950169665,26F304,2013-04-29
2013-04-01,5349,FB,BOS,111,7,1D,2013-04-01 11:34:51,F,WEB,000365709222,852B1C,2013-03-24
2014-01-30,8648,FB,SFO,247,0,4A,2014-01-29 21:46:28,F,WEB,000365709222,91BBBC,2014-01-29
2013-05-22,7424,FB,LHR,252,7,1H,2013-05-22 00:38:07,F,AGENT,000365709222,8DA5F8,2013-05-20
2013-02-08,4741,FB,ORD,202,1,2E,2013-02-07 17:46:52,F,AGENT,000365709222,19574B,2012-12-29
2014-07-23,7278,FB,MEL,302,20,1C,2014-07-23 00:09:08,A,AGENT,000365709222,F8AD06,2014-07-16
2013-09-04,3258,FB,HNL,445,21,20A,2013-09-05 01:36:30,T,WEB,000407811114,48F8BA,2013-09-03
2013-11-18,5899,FB,ORD,108,4,8B,2013-11-17 23:48:19,Y,AGENT,000365709222,4F0942,2013-11-15
2012-12-23,5219,FB,PHX,247,7,1E,2012-12-22 22:08:17,F,eService,000365709222,3FD3BC,2012-12-20
2012-10-26,8442,FB,IAH,237,4,3E,2012-10-25 17:54:00,R,WEB,000950169665,A698F0,2012-10-13
2014-06-09,6760,FB,LGA,86,3,24A,2014-06-08 23:19:18,E,WEB,000025063186,AD2788,2014-06-05
2014-01-08,1561,FB,KOA,268,17,1A,2014-01-08 23:05:59,F,eService,000365709222,747D9B,2014-01-07
2014-03-21,6282,FB,EWR,163,11,1A,2014-03-21 20:17:05,F,WEB,000365709222,BCDB68,2014-03-14
2014-07-07,9262,FB,ORD,111,4,2F,2014-07-06 18:16:30,PN,WEB,000950169665,1A1652,2014-07-01
2013-05-17,5382,FB,ORD,589,36,2F,2013-05-17 16:46:37,F,AGENT,000365709222,EA3DC0,2013-05-15
2012-09-24,3393,FB,ORD,75,11,24F,2012-09-23 17:32:49,L,eService,000950169665,51866F,2012-08-15
2014-01-22,3108,FB,SYD,341,10,1K,2014-01-20 14:49:38,F,AGENT,000365709222,81EF38,2014-01-06
2012-03-22,8173,FB,LAX,180,11,21D,2012-03-23 04:37:10,Y,AGENT,000365709222,3BA14B,2012-03-22
2012-03-17,7220,FB,ORD,262,13,1A,2012-03-17 14:30:05,F,AGENT,000365709222,A24B1F,2012-03-17
2012-12-09,4595,FB,GSP,12,3,3A,2012-12-09 04:06:57,S,WEB,000950169665,A896A2,2012-10-28
2012-03-27,6110,FB,IAD,152,22,1B,2012-03-27 22:43:56,F,AGENT,000365709222,C42BC3,2012-03-09
2012-10-28,8023,FB,MCO,600,38,1D,2012-10-28 18:36:27,I,eService,000493524149,4A56FC,2012-10-28
2013-07-07,9793,FB,NRT,585,11,11D,2013-07-06 21:28:26,J,AGENT,000365709222,7DEC95,2013-07-05
2012-09-08,7278,FB,SYD,50,36,1A,2012-09-08 01:38:05,F,AGENT,000365709222,BDD485,2012-04-10
2014-03-20,2168,FB,ORD,603,26,34E,2014-03-20 19:12:15,T,WEB,000407811114,BACCBF,2014-03-20
2012-06-11,8833,FB,DXB,373,25,2C,2012-06-10 18:49:16,F,AGENT,000365709222,FFA25B,2012-02-21
2012-10-27,7278,FB,SYD,566,22,4C,2012-10-27 00:49:08,F,AGENT,000365709222,840C42,2012-10-25
2013-12-03,3108,FB,SYD,466,18,1A,2013-12-01 17:05:49,F,AGENT,000365709222,F0AEB7,2013-11-25
2012-03-23,7220,FB,ORD,182,9,1F,2012-03-23 10:30:16,F,AGENT,000365709222,F6F71A,2012-03-22
2013-01-02,7646,FB,ORD,79,4,5F,2013-01-01 16:06:58,V,WEB,000950169665,D50315,2012-12-11
2013-06-25,4806,FB,EWR,36,3,3D,2013-06-24 22:50:25,J,AGENT,000365709222,071BBF,2012-12-11
2014-01-15,9618,FB,LHR,90,1,1K,2014-01-14 23:58:44,F,AGENT,000365709222,4A7D73,2014-01-14
2012-06-02,8300,FB,ORD,192,2,1B,2012-06-01 13:09:22,F,WEB,000365709222,CD3AF7,2012-05-15
2012-06-25,6951,FB,JFK,158,10,1C,2012-06-25 14:17:05,F,eService,000365709222,292E9A,2012-04-28
2012-09-27,8457,FB,IAH,121,7,11F,2012-09-26 21:33:21,L,WEB,000950169665,51866F,2012-08-15
2014-06-03,5370,FB,ORD,304,21,1E,2014-06-03 11:54:05,F,AGENT,000365709222,413A51,2014-05-29
2012-11-29,5756,FB,LAX,141,0,1C,2012-11-29 00:11:59,F,WEB,000365709222,81B5ED,2012-11-16
2012-04-01,6970,FB,EWR,43,2,15B,2012-03-31 17:41:22,Y,WEB,000365709222,F3EAD5,2012-03-09
2014-06-12,2308,FB,ORD,222,11,1K,2014-06-12 19:12:36,F,AGENT,000365709222,80F460,2014-06-11
2012-11-21,5527,FB,IAH,194,2,3F,2012-11-20 21:31:21,R,WEB,000950169665,4739E8,2012-10-19
2013-10-17,7127,FB,ORD,194,10,1C,2013-10-17 18:38:20,F,AGENT,000365709222,81688D,2013-10-13
2012-09-27,9449,FB,LAX,558,39,1E,2012-09-28 02:01:36,F,WEB,000365709222,A84F8C,2012-09-27
2014-03-28,8456,FB,ORD,92,5,1B,2014-03-27 22:10:14,F,AGENT,000365709222,712136,2014-03-02
2013-03-22,8833,FB,DXB,274,0,1C,2013-03-20 17:07:38,F,AGENT,000365709222,108084,2013-03-10
2012-12-22,3156,FB,EWR,163,12,1B,2012-12-22 22:08:17,F,eService,000365709222,3FD3BC,2012-12-20
2013-11-23,9713,FB,MCO,70,3,15E,2013-11-22 16:31:43,W,WEB,000171572471,AF4BD9,2013-07-18
2013-10-14,7528,FB,EWR,371,22,21E,2013-10-14 10:52:39,Y,eService,000365709222,6C5245,2013-10-11
2013-10-18,1585,FB,LHR,316,9,11D,2013-10-17 18:38:20,J,AGENT,000365709222,81688D,2013-10-13
2013-06-26,3861,FB,TLV,27,9,4D,2013-06-25 19:04:02,J,AGENT,000365709222,8D321A,2012-12-11
2012-05-10,9411,FB,ORD,745,40,1A,2012-05-10 16:22:51,F,AGENT,000365709222,66CCF9,2012-05-07
2012-10-27,7317,FB,LAX,183,9,1E,2012-10-27 16:41:02,F,AGENT,000365709222,840C42,2012-10-25
2013-05-15,8419,FB,BNA,78,8,5B,2013-05-15 23:01:39,Y,eService,000365709222,1AB217,2013-05-06
2014-03-12,1546,FB,NRT,429,4,1H,2014-03-11 17:01:44,A,eService,000365709222,C4960F,2014-03-08
2013-10-03,8143,FB,PDX,233,12,5E,2013-10-04 03:28:32,F,AGENT,000365709222,C31E54,2013-10-03
2014-07-09,7757,FB,ORD,198,8,28A,2014-07-08 23:08:22,S,WEB,000025063186,BEA63C,2014-07-02
2013-02-11,2875,FB,ORD,447,16,3F,2013-02-10 23:33:52,R,WEB,000950169665,056CFE,2013-02-01
2014-01-17,5886,FB,EWR,37,14,1B,2014-01-17 21:24:31,F,eService,000365709222,C762DD,2013-11-30
2014-02-20,9557,FB,MBS,115,8,1C,2014-02-20 19:23:48,Y,AGENT,000365709222,9F0699,2014-02-10
2013-10-17,4889,FB,PSC,58,0,1A,2013-10-16 13:06:28,F,WEB,000365709222,6C5245,2013-10-11
2012-06-07,2368,FB,IAH,195,8,22A,2012-06-06 22:35:42,V,WEB,000950169665,A295A2,2012-05-08
2013-06-11,7771,FB,EWR,130,0,3A,2013-06-10 13:14:48,JN,AGENT,000365709222,071BBF,2012-12-11
2013-11-30,2778,FB,HNL,121,11,1K,2013-11-30 07:34:10,J,WEB,000365709222,02A6A6,2013-01-12
2013-10-12,9014,FB,ORD,411,25,24D,2013-10-12 13:47:01,S,WEB,000407811114,0AB726,2013-10-11
2012-12-07,9144,FB,ORD,201,12,1E,2012-12-07 12:58:01,F,AGENT,000365709222,5B20C9,2012-11-05
2013-07-14,5743,FB,EWR,242,14,5E,2013-07-14 13:02:35,F,eService,000365709222,82E031,2013-07-13
2013-09-14,4272,FB,SFO,91,2,1E,2013-09-14 19:55:14,F,AGENT,000365709222,868473,2013-09-10
2013-01-02,1982,FB,DEN,119,19,34E,2013-01-02 16:53:09,T,AGENT,000165855849,B63377,2012-08-14
2012-07-01,4431,FB,NRT,153,4,1C,2012-06-29 21:34:07,F,AGENT,000365709222,365FD3,2012-04-16
2012-11-04,2276,FB,GSP,79,1,12A,2012-11-03 23:20:50,Y,WEB,000950169665,D38878,2012-10-28
2012-04-02,9959,FB,ORD,29,7,21F,2012-04-02 00:44:28,Q,WEB,000950169665,D72518,2012-02-21
2014-06-03,3774,FB,ORD,114,7,7B,2014-06-03 03:31:44,E,WEB,000134299922,480241,2014-05-30
2013-04-24,7792,FB,ORD,75,7,1A,2013-04-24 14:20:30,F,AGENT,000365709222,F5FF60,2013-04-06
2013-10-18,3201,FB,EWR,29,3,1B,2013-10-18 00:57:55,F,WEB,000365709222,9F5615,2013-09-21
2014-01-02,3273,FB,SFO,535,34,4B,2014-01-02 17:37:51,F,AGENT,000365709222,54938F,2013-12-21
2013-10-03,7948,FB,ORD,242,14,2F,2013-10-03 20:08:07,F,AGENT,000365709222,C2532D,2013-10-03
2012-04-15,1989,FB,ORD,89,7,1A,2012-04-15 11:46:22,F,eService,000365709222,D4A614,2012-04-09
2013-03-17,8296,FB,GSP,91,2,12A,2013-03-16 22:18:29,U,WEB,000950169665,A51C9C,2013-02-19
2012-09-25,8833,FB,DXB,121,17,1A,2012-09-24 18:44:03,F,AGENT,000365709222,84CE79,2012-09-04
2012-08-21,4255,FB,DEN,137,5,1B,2012-08-21 19:22:54,F,AGENT,000365709222,35F080,2012-08-21
2014-01-01,4272,FB,EWR,413,28,2A,2014-01-01 16:36:35,F,eService,000365709222,547FE2,2013-12-24
2013-12-05,5899,FB,MBS,43,3,1C,2013-12-05 11:14:04,Y,WEB,000365709222,A07546,2013-11-25
2013-05-30,7716,FB,LGA,28,7,8A,2013-05-29 22:06:13,S,WEB,000950169665,5FD7D0,2013-05-01
